Call Failure,Complaints,Subscription Length,Charge Amount,Seconds of Use,Frequency of use,Frequency of SMS,Distinct Called Numbers,Age Group,Tariff Plan,Status,Age,Customer Value,Churn
8,0,38,0,4370,71,5,17,3,1,1,30,197.64,0
0,0,39,0,318,5,7,4,2,1,2,25,46.035,0
11,0,38,1,3775,82,32,28,3,1,1,30,282.28,0
13,0,37,2,9115,121,144,43,3,1,1,30,945.44,0
7,0,38,0,13773,169,0,44,3,1,1,30,557.68,0
7,0,38,1,4515,83,2,25,3,1,1,30,191.92,0
6,0,38,0,5918,95,7,12,3,1,1,30,268.52,0
9,0,38,0,2238,54,8,17,3,1,2,30,123.68,0
3,0,37,1,6500,86,186,26,3,1,1,30,1007.44,0
0,0,37,0,875,14,0,11,2,1,2,25,40.005,1
2,0,38,0,710,14,13,8,3,1,2,30,80.96,0
0,0,37,0,0,0,0,0,2,1,2,25,0.0,1
8,0,37,1,6718,75,108,37,2,1,1,25,791.685,0
23,1,33,0,955,47,16,17,2,1,2,25,117.09,1
13,1,36,1,5818,98,26,24,2,1,1,25,383.22,1
1,0,34,0,2840,22,0,14,3,1,1,30,114.48,0
9,0,35,0,2990,41,9,16,3,1,2,30,157.24,1
9,1,36,0,2268,44,34,31,3,1,2,30,228.48,1
0,0,36,0,133,2,0,2,3,1,2,30,5.4,1
1,0,36,0,1668,25,0,6,3,1,1,30,67.72,0
2,0,36,0,3718,82,2,28,2,1,1,25,180.0,0
3,0,35,0,1665,44,38,20,3,1,2,30,220.36,0
6,0,36,0,2780,53,175,23,2,1,1,25,914.985,0
4,0,27,1,1315,36,193,11,2,2,1,25,929.295,0
11,0,27,0,700,25,10,7,2,1,2,25,77.625,0
10,0,25,0,1225,32,19,13,2,1,1,25,142.065,0
2,0,25,0,3225,61,8,23,3,1,1,30,163.44,0
11,0,40,1,4430,74,10,19,3,1,1,30,220.16,0
3,0,41,1,378,8,12,6,3,1,1,30,63.44,0
6,0,40,1,2453,61,7,35,2,1,1,25,144.63,0
14,0,40,2,3835,85,37,30,3,2,1,30,304.8,0
10,0,40,1,13833,172,5,46,3,1,1,30,580.2,0
10,0,40,2,4575,86,7,27,3,1,1,30,214.44,0
9,0,40,1,5978,98,12,14,3,1,1,30,291.04,0
12,0,40,1,2298,57,13,19,3,1,1,30,146.2,0
6,0,39,2,6560,89,191,28,3,1,1,30,1029.96,0
3,0,39,1,935,17,5,13,2,1,1,25,65.34,0
5,0,40,1,770,17,18,10,3,1,1,30,103.48,0
3,1,39,1,60,3,5,2,2,1,1,25,25.335,1
11,0,39,2,6778,78,113,39,2,1,1,25,817.02,0
26,1,35,1,1015,50,21,19,3,1,1,30,126.6,1
16,0,38,2,5878,101,31,26,2,1,1,25,408.555,0
4,0,36,1,2900,25,5,16,3,1,1,30,137.0,0
12,0,37,1,3050,44,14,18,3,1,1,30,179.76,1
12,1,38,1,2328,47,39,33,3,1,1,30,251.0,1
3,0,38,1,193,5,5,4,3,1,1,30,27.92,1
5,0,38,1,3778,85,7,30,3,1,1,30,182.52,0
6,0,37,1,1725,47,43,22,3,1,1,30,242.88,0
9,0,38,1,2840,56,180,25,2,1,1,25,940.32,0
7,0,29,2,1375,39,198,13,3,2,1,30,848.56,0
14,0,29,1,760,28,15,9,3,1,1,30,91.52,0
13,0,27,1,1285,35,24,15,2,1,1,25,167.4,0
5,0,27,1,3285,64,13,25,3,1,1,30,185.96,0
5,0,20,1,1755,29,33,16,2,1,1,25,228.78,0
19,0,19,2,6453,144,90,44,2,2,1,25,701.865,0
5,0,36,0,4310,68,0,15,2,1,1,25,197.01,0
0,0,37,0,258,2,2,2,2,1,2,25,20.7,0
8,0,36,0,3715,79,27,26,3,1,1,30,259.76,0
10,0,35,1,9055,118,139,41,3,1,1,30,922.92,0
4,0,36,0,13713,166,0,42,3,1,1,30,555.16,0
4,0,36,0,4455,80,0,23,3,1,1,30,181.4,0
3,0,36,0,5858,92,2,10,2,1,1,25,276.75,0
6,1,36,0,2178,51,3,15,3,1,2,30,101.16,0
0,0,35,0,6440,83,181,24,3,1,1,30,984.92,0
0,0,35,0,815,11,0,9,2,1,2,25,37.17,0
0,0,36,0,650,11,8,6,2,1,2,25,65.745,0
0,0,35,0,0,0,0,0,2,1,2,25,0.0,1
4,0,35,0,11405,151,6,45,3,1,1,30,486.24,0
5,0,35,0,6658,72,103,35,2,1,1,25,766.35,0
20,0,31,0,895,44,11,15,2,1,2,25,91.755,1
10,0,34,0,5758,95,21,22,2,1,1,25,357.885,1
0,0,32,0,2780,19,0,12,3,1,1,30,111.96,0
6,0,33,0,2930,38,4,14,2,1,2,25,151.56,1
6,1,34,0,2208,41,29,29,3,1,2,30,205.96,1
0,1,34,0,0,0,0,0,3,1,2,30,0.0,1
0,0,34,0,1608,22,0,4,3,1,1,30,65.2,0
0,0,34,0,3658,79,0,26,2,1,1,25,168.165,0
0,0,33,0,1605,41,33,18,3,1,2,30,197.84,0
3,0,34,0,2720,50,170,21,2,1,1,25,889.65,0
1,0,25,0,1255,33,188,9,2,2,1,25,903.96,0
8,0,25,0,640,22,5,5,2,1,2,25,52.29,0
7,0,23,0,1165,29,14,11,2,1,1,25,116.73,0
0,0,23,0,3165,58,3,21,3,1,1,30,140.92,0
9,0,42,1,4450,73,15,21,3,1,1,30,240.92,0
1,1,43,0,398,7,17,8,3,1,2,30,84.2,1
4,0,42,1,2473,60,12,37,2,1,1,25,167.985,0
12,0,42,2,3855,84,42,32,3,1,1,30,325.56,0
8,0,42,1,13853,171,10,48,3,1,1,30,600.96,0
8,0,42,2,4595,85,12,29,3,1,1,30,235.2,0
7,0,42,1,5998,97,17,16,3,1,1,30,311.8,0
10,0,42,0,2318,56,18,21,3,1,2,30,166.96,0
4,0,41,2,6580,88,196,30,3,1,1,30,1050.72,0
1,0,41,0,955,16,10,15,2,1,2,25,88.695,0
3,0,42,0,790,16,23,12,3,1,2,30,124.24,0
1,0,41,0,80,2,10,4,2,1,2,25,48.69,1
9,0,41,2,6798,77,118,41,2,1,1,25,840.375,0
24,1,37,0,1035,49,26,21,3,1,2,30,147.36,1
14,0,40,2,5898,100,36,28,2,1,1,25,431.91,1
2,0,38,1,2920,24,10,18,3,1,1,30,157.76,0
10,0,39,0,3070,43,19,20,3,1,2,30,200.52,1
10,1,40,0,2348,46,44,35,3,1,2,30,271.76,1
1,0,40,0,213,4,10,6,3,1,2,30,48.68,1
3,0,40,1,3798,84,12,32,3,1,1,30,203.28,0
4,0,39,0,1745,46,48,24,3,1,2,30,263.64,0
7,0,40,1,2860,55,185,27,2,1,1,25,963.675,0
5,0,31,2,1395,38,203,15,2,2,1,25,977.985,0
12,0,31,0,780,27,20,11,3,1,2,30,112.28,0
11,0,29,1,1305,34,29,17,2,1,1,25,190.755,0
3,0,29,1,3305,63,18,27,3,1,1,30,206.72,0
3,0,22,1,1775,28,38,18,2,1,1,25,252.135,0
17,0,21,2,6473,143,95,46,2,2,1,25,725.22,0
7,0,34,0,4290,69,0,13,2,1,1,25,196.155,0
0,0,35,0,0,0,0,0,2,1,2,25,0.0,0
10,0,34,0,3695,80,22,24,3,1,1,30,239.0,0
12,0,33,1,9035,119,134,39,3,1,1,30,902.16,0
6,0,34,0,13693,167,0,40,3,1,1,30,554.4,0
6,0,34,0,4435,81,0,21,3,1,1,30,180.64,0
5,0,34,0,5838,93,0,8,2,1,1,25,266.895,0
8,0,34,0,2158,52,0,13,3,1,2,30,88.4,0
2,0,33,0,6420,84,176,22,3,1,1,30,964.16,0
0,0,33,0,795,12,0,7,2,1,2,25,36.315,0
1,0,34,0,630,12,3,4,2,1,2,25,42.39,0
0,0,33,0,0,0,0,0,2,1,2,25,0.0,1
6,0,33,0,11385,152,1,43,3,1,1,30,465.48,0
7,0,33,0,6638,73,98,33,2,1,1,25,742.995,0
22,0,29,0,875,45,6,13,2,1,2,25,68.4,1
12,1,32,0,5738,96,16,20,2,1,1,25,334.53,1
0,0,30,0,2760,20,0,10,3,1,1,30,111.2,0
8,1,31,0,2910,39,0,12,3,1,2,30,117.96,1
8,0,32,0,2188,42,24,27,3,1,2,30,185.2,1
0,1,32,0,0,0,0,0,3,1,2,30,0.0,1
0,0,32,0,1588,23,0,2,3,1,1,30,64.44,0
1,0,32,0,3638,80,0,24,2,1,1,25,167.31,0
2,0,31,0,1585,42,28,16,3,1,2,30,177.08,0
5,0,32,0,2700,51,165,19,2,1,1,25,866.295,0
3,0,23,0,1235,34,183,7,2,2,1,25,880.605,0
10,0,23,0,620,23,0,3,2,1,2,25,28.935,0
9,0,21,0,1145,30,9,9,2,1,1,25,93.375,0
1,0,21,0,3145,59,0,19,3,1,1,30,128.16,0
13,0,44,1,4630,81,20,23,3,1,1,30,268.44,0
5,0,45,0,578,15,22,10,3,1,2,30,111.72,0
8,0,44,1,2653,68,17,39,2,1,1,25,198.945,0
16,0,44,2,4035,92,47,34,3,1,1,30,353.08,0
12,0,44,1,14033,179,15,50,3,1,1,30,628.48,0
12,0,44,2,4775,93,17,31,3,1,1,30,262.72,0
11,0,44,1,6178,105,22,18,3,1,1,30,339.32,0
14,1,44,0,2498,64,23,23,3,1,2,30,194.48,0
8,0,43,2,6760,96,201,32,3,1,1,30,1078.24,0
5,0,43,0,1135,24,15,17,2,1,2,25,119.655,0
7,0,44,0,970,24,28,14,3,1,2,30,151.76,0
5,0,43,0,260,10,15,6,2,1,2,25,79.65,1
13,0,43,2,6978,85,123,43,2,1,1,25,871.335,0
28,1,39,0,1215,57,31,23,3,1,2,30,174.88,1
18,0,42,2,6078,108,41,30,2,1,1,25,462.87,0
6,0,40,1,3100,32,15,20,3,1,1,30,185.28,0
14,1,41,0,3250,51,24,22,3,1,2,30,228.04,1
5,0,42,0,393,12,15,8,3,1,2,30,76.2,1
7,0,42,1,3978,92,17,34,3,1,1,30,230.8,0
8,0,41,0,1925,54,53,26,3,1,2,30,291.16,0
11,0,42,1,3040,63,190,29,2,1,1,25,994.635,0
9,0,33,2,1575,46,208,17,3,2,1,30,896.84,0
16,0,33,0,960,35,25,13,3,1,2,30,139.8,0
15,0,31,1,1485,42,34,19,2,1,1,25,221.715,0
7,0,31,1,3485,71,23,29,3,1,1,30,234.24,0
7,0,24,1,1955,36,43,20,3,1,1,30,251.64,0
21,0,23,2,6653,151,100,48,2,2,1,25,756.18,0
3,0,32,0,4110,61,0,11,2,1,1,25,187.695,0
0,0,33,0,0,0,0,0,2,1,2,25,0.0,0
6,0,32,0,3515,72,17,22,2,1,1,25,237.915,0
8,0,31,1,8855,111,129,37,3,1,1,30,874.64,0
2,0,32,0,13513,159,0,38,3,1,1,30,546.88,0
2,0,32,0,4255,73,0,19,3,1,1,30,173.12,0
1,0,32,0,5658,85,0,6,2,1,1,25,258.435,0
4,0,32,0,1978,44,0,11,3,1,2,30,80.88,0
0,0,31,0,6240,76,171,20,3,1,1,30,936.64,0
0,0,31,0,615,4,0,5,2,1,2,25,27.855,0
0,0,32,0,450,4,0,2,2,1,2,25,20.43,0
0,0,31,0,0,0,0,0,2,1,2,25,0.0,1
2,0,31,0,11205,144,0,41,3,1,1,30,453.96,0
3,0,31,0,6458,65,93,31,2,1,1,25,712.035,0
18,1,27,0,695,37,1,11,2,1,2,25,37.44,1
8,1,30,0,5558,88,11,18,2,1,1,25,303.57,1
0,0,28,0,2580,12,0,8,3,1,1,30,103.68,0
4,0,29,0,2730,31,0,10,2,1,2,25,124.245,1
4,1,30,0,2008,34,19,25,3,1,2,30,157.68,1
0,0,30,0,0,0,0,0,3,1,2,30,0.0,1
0,0,30,0,0,0,0,0,3,1,1,30,0.0,0
0,0,30,0,3458,72,0,22,2,1,1,25,158.85,0
0,0,29,0,1405,34,23,14,3,1,2,30,149.56,0
1,0,30,0,2520,43,160,17,2,1,1,25,835.335,0
0,0,21,0,1055,26,178,5,2,2,1,25,849.645,0
6,0,21,0,440,15,0,1,2,1,2,25,20.475,0
5,0,19,0,965,22,4,7,2,1,1,25,62.415,0
0,0,19,0,2965,51,0,17,3,1,1,30,120.64,0
10,0,41,0,4550,79,16,22,3,1,1,30,249.16,0
2,0,42,0,498,13,18,9,2,1,2,25,103.995,0
13,0,41,1,3955,90,43,33,3,1,1,30,333.8,0
15,0,40,2,9295,129,155,48,3,1,1,30,996.96,0
9,0,41,0,13953,177,11,49,3,1,1,30,609.2,0
9,0,41,1,4695,91,13,30,3,1,1,30,243.44,0
8,0,41,0,6098,103,18,17,3,1,1,30,320.04,0
11,0,41,0,2418,62,19,22,3,1,2,30,175.2,0
5,0,40,1,6680,94,197,31,3,1,1,30,1058.96,0
2,0,40,0,1055,22,11,16,2,1,2,25,97.965,0
4,0,41,0,890,22,24,13,3,1,2,30,132.48,0
2,0,40,0,180,8,11,5,2,1,2,25,57.96,1
10,0,40,1,6898,83,119,42,2,1,1,25,849.645,0
25,1,36,0,1135,55,27,22,2,1,2,25,175.05,1
15,0,39,1,5998,106,37,29,2,1,1,25,441.18,0
3,0,37,0,3020,30,11,19,3,1,1,30,166.0,0
11,1,38,0,3170,49,20,21,3,1,2,30,208.76,1
11,1,39,0,2448,52,45,36,3,1,2,30,280.0,1
2,1,39,0,313,10,11,7,3,1,2,30,56.92,1
3,0,39,0,1848,33,11,11,3,1,1,30,119.24,0
4,0,39,0,3898,90,13,33,2,1,1,25,237.96,0
5,0,38,0,1845,52,49,25,3,1,2,30,271.88,0
8,0,39,0,2960,61,186,28,2,1,1,25,972.945,0
6,1,30,1,1495,44,204,16,2,2,1,25,987.255,1
13,0,30,0,880,33,21,12,2,1,2,25,135.585,0
12,0,28,0,1405,40,30,18,2,1,1,25,200.025,0
4,0,28,0,3405,69,19,28,3,1,1,30,214.96,0
4,0,21,0,1875,34,39,19,2,1,1,25,261.405,0
18,0,20,1,6573,149,96,47,2,2,1,25,734.49,0
6,0,35,0,4190,63,0,12,3,1,1,30,170.12,0
0,0,36,0,0,0,0,0,2,1,2,25,0.0,0
9,0,35,1,3595,74,21,23,3,1,1,30,230.76,0
11,0,34,2,8935,113,133,38,3,1,1,30,893.92,0
5,0,35,0,13593,161,0,39,3,1,1,30,550.16,0
5,0,35,1,4335,75,0,20,3,1,1,30,176.4,0
4,0,35,0,5738,87,0,7,3,1,1,30,233.0,0
7,0,35,0,2058,46,0,12,3,1,2,30,84.16,0
1,0,34,1,6320,78,175,21,3,1,1,30,955.92,0
0,0,34,0,695,6,0,6,2,1,2,25,31.545,0
0,0,35,0,530,6,2,3,3,1,2,30,29.44,0
0,1,34,0,0,0,0,0,2,1,2,25,0.0,1
6,0,34,1,6538,67,97,32,2,1,1,25,733.725,0
21,1,30,0,775,39,5,12,2,1,2,25,59.13,1
11,1,33,1,5638,90,15,19,2,1,1,25,325.26,1
0,0,31,0,2660,14,0,9,3,1,1,30,106.96,0
7,0,32,0,2810,33,0,11,3,1,2,30,113.72,1
7,1,33,0,2088,36,23,26,3,1,2,30,176.96,1
0,0,33,0,0,0,0,0,3,1,2,30,0.0,1
0,0,33,0,1488,17,0,1,3,1,1,30,60.2,0
0,0,33,0,3538,74,0,23,2,1,1,25,162.54,0
1,0,32,0,1485,36,27,15,3,1,2,30,168.84,0
4,0,33,0,2600,45,164,18,2,1,1,25,857.025,0
2,0,24,1,1135,28,182,6,2,2,1,25,871.335,0
9,0,24,0,520,17,0,2,2,1,2,25,24.165,0
8,0,22,0,1045,24,8,8,2,1,1,25,84.105,0
0,0,22,0,3045,53,0,18,3,1,1,30,123.92,0
12,0,38,2,4970,81,26,32,3,1,1,30,306.04,0
4,0,39,0,918,15,28,19,3,1,2,30,149.32,0
7,0,38,2,2993,68,23,48,2,1,1,25,241.245,0
10,0,38,2,6518,105,28,27,3,1,1,30,376.92,0
13,0,38,0,2838,64,29,32,3,1,2,30,232.08,0
4,0,37,0,1475,24,21,26,2,1,2,25,161.955,0
6,0,38,0,1310,24,34,23,3,1,2,30,189.36,0
4,0,37,0,600,10,21,15,2,1,2,25,121.95,1
27,1,33,0,1555,57,37,32,3,1,2,30,212.48,1
5,0,34,2,3440,32,21,29,3,1,1,30,222.88,0
13,1,35,0,3590,51,30,31,3,1,2,30,265.64,1
13,1,36,0,2868,54,55,46,3,1,2,30,336.88,1
4,0,36,0,733,12,21,17,3,1,2,30,113.8,1
6,0,36,2,4318,92,23,43,3,1,1,30,268.4,0
7,1,35,0,2265,54,59,35,3,1,2,30,328.76,1
10,0,36,2,3380,63,196,38,2,1,1,25,1036.935,0
15,0,27,0,1300,35,31,22,3,1,2,30,177.4,0
14,0,25,2,1825,42,40,28,2,1,1,25,264.015,0
6,0,25,2,3825,71,29,38,3,1,1,30,271.84,0
4,0,38,0,3770,61,0,2,2,1,1,25,172.395,0
0,0,39,0,0,0,0,0,2,1,2,25,0.0,0
7,0,38,0,3175,72,11,13,3,1,1,30,173.88,0
9,0,37,0,8515,111,123,28,3,1,1,30,837.04,0
3,0,38,0,13173,159,0,29,3,1,1,30,533.28,0
3,0,38,0,3915,73,0,10,3,1,1,30,159.52,0
2,0,38,0,5318,85,0,15,2,1,1,25,243.135,0
5,0,38,0,1638,44,0,2,3,1,2,30,67.28,0
0,0,37,0,5900,76,165,11,3,1,1,30,899.04,0
0,0,37,0,275,4,0,1,2,1,2,25,12.555,0
0,0,38,0,110,4,0,1,2,1,2,25,5.13,0
0,0,37,0,0,0,0,0,2,1,2,25,0.0,1
3,0,37,0,10865,144,0,32,3,1,1,30,440.36,0
4,0,37,0,6118,65,87,22,2,1,1,25,669.735,0
19,0,33,0,355,37,0,2,2,1,2,25,17.64,1
9,1,36,0,5218,88,5,9,2,1,1,25,261.27,1
0,0,34,0,2240,12,0,4,3,1,1,30,90.08,0
5,0,35,0,2390,31,0,1,3,1,2,30,96.84,1
5,0,36,0,1668,34,13,16,3,1,2,30,120.08,1
0,0,36,0,0,0,0,0,3,1,2,30,0.0,1
0,0,36,0,1068,15,0,3,3,1,1,30,43.32,0
0,0,36,0,3118,72,0,13,2,1,1,25,143.55,0
0,0,35,0,1065,34,17,5,3,1,2,30,111.96,0
2,0,36,0,2180,43,154,8,2,1,1,25,793.035,0
0,0,27,0,715,26,172,1,2,2,1,25,807.345,0
7,0,27,0,100,15,0,3,2,1,2,25,5.175,0
6,0,25,0,625,22,0,2,2,1,1,25,29.115,0
0,0,25,0,2625,51,0,8,3,1,1,30,107.04,0
8,0,39,1,4485,77,37,21,3,1,1,30,330.48,0
0,0,40,0,433,11,39,8,3,1,2,30,173.76,0
3,0,39,1,2508,64,34,37,2,1,1,25,268.74,0
11,0,39,2,3890,88,64,32,3,1,1,30,415.12,0
7,0,39,1,13888,175,32,48,3,1,1,30,690.52,0
7,0,39,2,4630,89,34,29,3,1,1,30,324.76,0
6,0,39,1,6033,101,39,16,3,1,1,30,401.36,0
9,1,39,0,2353,60,40,21,3,1,2,30,256.52,0
0,0,38,0,990,20,32,15,2,1,2,25,189.45,0
2,0,39,0,825,20,45,12,3,1,2,30,213.8,0
0,0,38,0,115,6,32,4,2,1,2,25,149.445,1
8,0,38,2,6833,81,140,41,2,1,1,25,941.13,0
23,1,34,0,1070,53,48,21,3,1,2,30,236.92,1
13,0,37,2,5933,104,58,28,3,1,1,30,473.48,0
1,0,35,1,2955,28,32,18,3,1,1,30,247.32,0
9,1,36,0,3105,47,41,20,3,1,2,30,290.08,1
0,0,37,0,248,8,32,6,3,1,2,30,138.24,1
2,0,37,1,3833,88,34,32,3,1,1,30,292.84,0
6,0,37,1,2895,59,207,27,2,1,1,25,1064.43,0
11,0,28,0,815,31,42,11,3,1,2,30,201.84,0
10,0,26,1,1340,38,51,17,2,1,1,25,291.51,0
2,0,26,1,3340,67,40,27,3,1,1,30,296.28,0
2,0,19,1,1810,32,60,18,3,1,1,30,313.68,0
8,0,37,0,4255,65,0,13,2,1,1,25,194.4,0
0,0,38,0,0,0,0,0,2,1,2,25,0.0,0
11,0,37,0,3660,76,0,24,2,1,1,25,168.12,0
13,0,36,1,9000,115,112,39,3,1,1,30,812.6,0
7,0,37,0,13658,163,0,40,3,1,1,30,552.84,0
7,0,37,0,4400,77,0,21,3,1,1,30,179.08,0
6,0,37,0,5803,89,0,8,2,1,1,25,265.14,0
9,0,37,0,2123,48,0,13,3,1,2,30,86.84,0
3,0,36,0,6385,80,154,22,3,1,1,30,874.6,0
0,0,36,0,760,8,0,7,2,1,2,25,34.56,0
2,0,37,0,595,8,0,4,2,1,2,25,27.135,0
0,1,36,0,0,0,0,0,2,1,2,25,0.0,1
7,0,36,0,11350,148,0,43,3,1,1,30,459.92,0
8,0,36,0,6603,69,76,33,2,1,1,25,642.24,0
23,0,32,0,840,41,0,13,2,1,2,25,39.645,1
13,1,35,0,5703,92,0,20,2,1,1,25,260.775,1
1,0,33,0,2725,16,0,10,3,1,1,30,109.64,0
9,1,34,0,2875,35,0,12,2,1,2,25,130.95,1
9,0,35,0,2153,38,2,27,3,1,2,30,95.64,1
0,0,35,0,0,0,0,0,2,1,2,25,0.0,1
1,0,35,0,1553,19,0,2,3,1,1,30,62.88,0
2,0,35,0,3603,76,0,24,2,1,1,25,165.555,0
3,0,34,0,1550,38,6,16,3,1,2,30,87.52,0
6,0,35,0,2665,47,143,19,2,1,1,25,765.54,0
4,0,26,0,1200,30,161,7,2,2,1,25,779.85,0
11,0,26,0,585,19,0,3,2,1,2,25,27.18,0
10,0,24,0,1110,26,0,9,2,1,1,25,51.12,0
2,0,24,0,3110,55,0,19,3,1,1,30,126.6,0
10,0,38,0,4560,72,14,20,3,1,1,30,241.28,0
2,0,39,0,508,6,16,7,2,1,2,25,95.13,0
13,0,38,1,3965,83,41,31,3,1,1,30,325.92,0
15,0,37,2,9305,122,153,46,3,1,1,30,989.08,0
9,0,38,0,13963,170,9,47,3,1,1,30,601.32,0
9,0,38,1,4705,84,11,28,3,1,1,30,235.56,0
8,0,38,0,6108,96,16,15,3,1,1,30,312.16,0
11,1,38,0,2428,55,17,20,3,1,2,30,167.32,0
5,0,37,1,6690,87,195,29,3,1,1,30,1051.08,0
2,0,37,0,1065,15,9,14,2,1,2,25,89.1,0
4,0,38,0,900,15,22,11,3,1,2,30,124.6,0
2,0,37,0,190,1,9,3,2,1,2,25,49.095,1
10,0,37,1,6908,76,117,40,2,1,1,25,840.78,0
25,1,33,0,1145,48,25,20,2,1,2,25,166.185,1
15,0,36,1,6008,99,35,27,2,1,1,25,432.315,1
3,0,34,0,3030,23,9,17,3,1,1,30,158.12,0
11,1,35,0,3180,42,18,19,3,1,2,30,200.88,1
11,1,36,0,2458,45,43,34,3,1,2,30,272.12,1
2,0,36,0,323,3,9,5,3,1,2,30,49.04,1
3,0,36,0,1858,26,9,9,3,1,1,30,111.36,0
4,0,36,0,3908,83,11,31,2,1,1,25,229.095,0
5,0,35,0,1855,45,47,23,3,1,2,30,264.0,0
8,0,36,0,2970,54,184,26,2,1,1,25,964.08,0
6,1,27,1,1505,37,202,14,2,2,1,25,978.39,1
13,0,27,0,890,26,19,10,2,1,2,25,126.72,0
12,0,25,0,1415,33,28,16,2,1,1,25,191.16,0
4,0,25,0,3415,62,17,26,3,1,1,30,207.08,0
6,0,38,0,4180,70,0,14,3,1,1,30,170.0,0
0,0,39,0,128,4,0,1,2,1,2,25,5.94,0
9,0,38,1,3585,81,23,25,3,1,1,30,238.64,0
11,0,37,2,8925,120,135,40,3,1,1,30,901.8,0
5,0,38,0,13583,168,0,41,3,1,1,30,550.04,0
5,0,38,1,4325,82,0,22,3,1,1,30,176.28,0
4,0,38,0,5728,94,0,9,3,1,1,30,232.88,0
7,0,38,0,2048,53,0,14,3,1,2,30,84.04,0
1,0,37,1,6310,85,177,23,3,1,1,30,963.8,0
0,0,37,0,685,13,0,8,2,1,2,25,31.41,0
0,0,38,0,520,13,4,5,3,1,2,30,37.32,0
0,0,37,0,0,0,0,0,2,1,2,25,0.0,1
6,0,37,1,6528,74,99,34,2,1,1,25,742.59,0
21,0,33,0,765,46,7,14,2,1,2,25,67.995,1
11,0,36,1,5628,97,17,21,2,1,1,25,334.125,1
0,0,34,0,2650,21,0,11,3,1,1,30,106.84,0
7,1,35,0,2800,40,0,13,3,1,2,30,113.6,1
7,0,36,0,2078,43,25,28,3,1,2,30,184.84,1
0,0,36,0,0,0,0,0,3,1,2,30,0.0,1
0,0,36,0,1478,24,0,3,3,1,1,30,60.08,0
0,0,36,0,3528,81,0,25,2,1,1,25,162.405,0
1,0,35,0,1475,43,29,17,3,1,2,30,176.72,0
4,0,36,0,2590,52,166,20,2,1,1,25,865.89,0
2,0,27,1,1125,35,184,8,2,2,1,25,880.2,0
9,0,27,0,510,24,1,4,2,1,2,25,28.53,0
8,0,25,0,1035,31,10,10,2,1,1,25,92.97,0
0,0,25,0,3035,60,0,20,3,1,1,30,123.8,0
6,0,33,0,4370,65,0,16,2,1,1,25,199.575,0
0,0,34,0,318,4,0,3,2,1,2,25,14.49,0
9,0,33,0,3775,76,24,27,2,1,1,25,281.295,0
11,0,32,1,9115,115,136,42,3,1,1,30,913.2,0
5,0,33,0,13773,163,0,43,3,1,1,30,557.44,0
5,0,33,0,4515,77,0,24,3,1,1,30,183.68,0
4,0,33,0,5918,89,0,11,2,1,1,25,270.315,0
7,1,33,0,2238,48,0,16,3,1,2,30,91.44,0
1,0,32,0,6500,80,178,25,3,1,1,30,975.2,0
0,0,32,0,875,8,0,10,2,1,2,25,39.735,0
0,0,33,0,710,8,5,7,2,1,2,25,54.81,0
0,0,32,0,0,0,0,0,2,1,2,25,0.0,1
5,0,32,0,11465,148,3,46,3,1,1,30,476.52,0
6,0,32,0,6718,69,100,36,2,1,1,25,755.415,0
21,1,28,0,955,41,8,16,2,1,2,25,80.82,1
11,0,31,0,5818,92,18,23,2,1,1,25,346.95,1
0,0,29,0,2840,16,0,13,3,1,1,30,114.24,0
7,1,30,0,2990,35,1,15,2,1,2,25,140.625,1
7,1,31,0,2268,38,26,30,3,1,2,30,196.24,1
0,1,31,0,0,0,0,0,2,1,2,25,0.0,1
0,0,31,0,1668,19,0,5,3,1,1,30,67.48,0
0,0,31,0,3718,76,0,27,2,1,1,25,170.73,0
1,0,30,0,1665,38,30,19,3,1,2,30,188.12,0
4,0,31,0,2780,47,167,22,2,1,1,25,878.715,0
2,0,22,0,1315,30,185,10,2,2,1,25,893.025,0
9,0,22,0,700,19,2,6,2,1,2,25,41.355,0
8,0,20,0,1225,26,11,12,2,1,1,25,105.795,0
0,0,20,0,3225,55,0,22,3,1,1,30,131.2,0
10,0,43,1,4370,77,13,18,3,1,1,30,229.88,0
2,0,44,0,318,11,15,5,3,1,2,30,73.16,0
5,0,43,1,2393,64,10,34,2,1,1,25,155.565,0
13,0,43,2,3775,88,40,29,3,1,1,30,314.52,0
9,0,43,1,13773,175,8,45,3,1,1,30,589.92,0
9,0,43,2,4515,89,10,26,3,1,1,30,224.16,0
8,0,43,1,5918,101,15,13,3,1,1,30,300.76,0
11,1,43,0,2238,60,16,18,3,1,2,30,155.92,0
5,0,42,2,6500,92,194,27,3,1,1,30,1039.68,0
2,0,42,0,875,20,8,12,2,1,2,25,76.275,0
4,0,43,0,710,20,21,9,3,1,2,30,113.2,0
0,0,42,0,0,0,8,0,2,1,2,25,36.0,1
10,0,42,2,6718,81,116,38,2,1,1,25,827.955,0
25,1,38,0,955,53,24,18,3,1,2,30,136.32,1
15,0,41,2,5818,104,34,25,3,1,1,30,372.88,0
3,0,39,1,2840,28,8,15,3,1,1,30,146.72,0
11,0,40,0,2990,47,17,17,3,1,2,30,189.48,1
2,0,41,0,133,8,8,3,3,1,2,30,37.64,1
4,0,41,1,3718,88,10,29,3,1,1,30,192.24,0
8,0,41,1,2780,59,183,24,2,1,1,25,951.255,0
6,1,32,2,1315,42,201,12,3,2,1,30,858.28,1
13,0,32,0,700,31,18,8,3,1,2,30,101.24,0
12,0,30,1,1225,38,27,14,2,1,1,25,178.335,0
4,0,30,1,3225,67,16,24,3,1,1,30,195.68,0
4,0,23,1,1695,32,36,15,3,1,1,30,213.08,0
18,0,22,2,6392,147,93,43,2,2,1,25,712.755,0
14,0,39,1,5080,82,30,17,3,1,1,30,326.48,0
6,0,40,0,1028,16,15,4,3,1,2,30,101.76,0
9,0,39,1,3103,69,10,33,2,1,1,25,187.74,0
17,0,39,2,4485,93,40,28,3,1,1,30,343.12,0
13,0,39,2,5225,94,10,25,3,1,1,30,252.76,0
12,0,39,1,6628,106,15,12,3,1,1,30,329.36,0
15,0,39,0,2948,65,16,17,3,1,2,30,184.52,0
9,0,38,2,7210,97,194,26,3,1,1,30,1068.28,0
6,0,38,0,1585,25,8,11,2,1,2,25,108.45,0
8,0,39,0,1420,25,21,8,3,1,2,30,141.8,0
6,0,38,0,710,11,8,2,2,1,2,25,68.445,1
14,0,38,2,7428,86,116,37,2,1,1,25,860.13,0
19,0,37,2,6528,109,34,24,2,1,1,25,451.665,0
7,0,35,1,3550,33,8,14,3,1,1,30,175.32,0
15,1,36,0,3700,52,17,16,3,1,2,30,218.08,1
15,1,37,0,2978,55,42,31,3,1,2,30,289.32,1
6,0,37,0,843,13,8,2,3,1,2,30,66.24,1
8,0,37,1,4428,93,10,28,3,1,1,30,220.84,0
9,0,36,0,2375,55,46,20,3,1,2,30,281.2,0
12,0,37,1,3490,64,183,23,2,1,1,25,983.43,0
10,0,28,2,2025,47,201,11,3,2,1,30,886.88,0
17,0,28,0,1410,36,18,7,3,1,2,30,129.84,0
16,0,26,1,1935,43,27,13,2,1,1,25,210.51,0
8,0,26,1,3935,72,16,23,3,1,1,30,224.28,0
8,0,19,1,2405,37,36,14,2,1,1,25,271.89,0
2,0,37,0,3660,60,0,17,2,1,1,25,167.4,0
0,0,38,0,0,0,0,0,2,1,2,25,0.0,0
5,0,37,0,3065,71,7,28,3,1,1,30,153.44,0
7,0,36,1,8405,110,119,43,3,1,1,30,816.6,0
1,0,37,0,13063,158,0,44,3,1,1,30,528.84,0
1,0,37,0,3805,72,0,25,3,1,1,30,155.08,0
0,0,37,0,5208,84,0,12,2,1,1,25,238.14,0
3,0,37,0,1528,43,0,17,3,1,2,30,62.84,0
0,0,36,0,5790,75,161,26,3,1,1,30,878.6,0
0,0,36,0,165,3,0,11,2,1,2,25,7.56,0
0,0,37,0,0,0,0,0,2,1,2,25,0.0,0
0,0,36,0,0,0,0,0,2,1,2,25,0.0,1
1,0,36,0,10755,143,0,47,3,1,1,30,435.92,0
2,0,36,0,6008,64,83,37,2,1,1,25,646.74,0
17,0,32,0,245,36,0,17,2,1,2,25,12.645,1
7,0,35,0,5108,87,1,24,2,1,1,25,238.275,1
0,0,33,0,2130,11,0,14,3,1,1,30,85.64,0
3,1,34,0,2280,30,0,16,2,1,2,25,103.95,1
3,0,35,0,1558,33,9,31,3,1,2,30,99.64,1
0,0,35,0,0,0,0,0,3,1,2,30,0.0,1
0,0,35,0,958,14,0,6,3,1,1,30,38.88,0
0,0,35,0,3008,71,0,28,2,1,1,25,138.555,0
0,0,34,0,955,33,13,20,3,1,2,30,91.52,0
0,0,35,0,2070,42,150,23,2,1,1,25,770.04,0
0,0,26,0,605,25,168,11,2,2,1,25,784.35,0
0,0,26,0,0,0,0,0,2,1,2,25,0.0,0
4,0,24,0,515,21,0,13,2,1,1,25,24.12,0
0,0,24,0,2515,50,0,23,3,1,1,30,102.6,0
8,0,38,0,4370,71,5,17,3,1,1,30,197.64,0
0,0,39,0,318,5,7,4,2,1,2,25,46.035,0
11,0,38,1,3775,82,32,28,3,1,1,30,282.28,0
13,0,37,2,9115,121,144,43,3,1,1,30,945.44,0
7,0,38,0,13773,169,0,44,3,1,1,30,557.68,0
7,0,38,1,4515,83,2,25,3,1,1,30,191.92,0
6,0,38,0,5918,95,7,12,3,1,1,30,268.52,0
9,1,38,0,2238,54,8,17,3,1,2,30,123.68,0
3,0,37,1,6500,86,186,26,3,1,1,30,1007.44,0
0,0,37,0,875,14,0,11,2,1,2,25,40.005,0
2,0,38,0,710,14,13,8,3,1,2,30,80.96,0
0,0,37,0,0,0,0,0,2,1,2,25,0.0,1
8,0,37,1,6718,75,108,37,2,1,1,25,791.685,0
23,0,33,0,955,47,16,17,2,1,2,25,117.09,1
13,0,36,1,5818,98,26,24,2,1,1,25,383.22,1
1,0,34,0,2840,22,0,14,3,1,1,30,114.48,0
9,1,35,0,2990,41,9,16,3,1,2,30,157.24,1
9,0,36,0,2268,44,34,31,3,1,2,30,228.48,1
0,0,36,0,133,2,0,2,3,1,2,30,5.4,1
1,0,36,0,1668,25,0,6,3,1,1,30,67.72,0
2,0,36,0,3718,82,2,28,2,1,1,25,180.0,0
3,0,35,0,1665,44,38,20,3,1,2,30,220.36,0
6,0,36,0,2780,53,175,23,2,1,1,25,914.985,0
4,1,27,1,1315,36,193,11,2,2,1,25,929.295,1
11,0,27,0,700,25,10,7,2,1,2,25,77.625,0
10,0,25,0,1225,32,19,13,2,1,1,25,142.065,0
2,0,25,0,3225,61,8,23,3,1,1,30,163.44,0
8,0,38,0,4370,71,5,17,3,1,1,30,197.64,0
0,0,39,0,318,5,7,4,2,1,2,25,46.035,0
11,0,38,1,3775,82,32,28,3,1,1,30,282.28,0
13,0,37,2,9115,121,144,43,3,1,1,30,945.44,0
7,0,38,0,13773,169,0,44,3,1,1,30,557.68,0
7,0,38,1,4515,83,2,25,3,1,1,30,191.92,0
6,0,38,0,5918,95,7,12,3,1,1,30,268.52,0
9,1,38,0,2238,54,8,17,3,1,2,30,123.68,0
3,0,37,1,6500,86,186,26,3,1,1,30,1007.44,0
0,0,37,0,875,14,0,11,2,1,2,25,40.005,0
2,0,38,0,710,14,13,8,3,1,2,30,80.96,0
0,0,37,0,0,0,0,0,2,1,2,25,0.0,1
8,0,37,1,6718,75,108,37,2,1,1,25,791.685,0
23,1,33,0,955,47,16,17,2,1,2,25,117.09,1
13,1,36,1,5818,98,26,24,2,1,1,25,383.22,1
1,0,34,0,2840,22,0,14,3,1,1,30,114.48,0
9,0,35,0,2990,41,9,16,3,1,2,30,157.24,1
9,0,36,0,2268,44,34,31,3,1,2,30,228.48,1
0,0,36,0,133,2,0,2,3,1,2,30,5.4,1
1,0,36,0,1668,25,0,6,3,1,1,30,67.72,0
2,0,36,0,3718,82,2,28,2,1,1,25,180.0,0
3,0,35,0,1665,44,38,20,3,1,2,30,220.36,0
6,0,36,0,2780,53,175,23,2,1,1,25,914.985,0
4,0,27,1,1315,36,193,11,2,2,1,25,929.295,0
11,0,27,0,700,25,10,7,2,1,2,25,77.625,0
10,0,25,0,1225,32,19,13,2,1,1,25,142.065,0
2,0,25,0,3225,61,8,23,3,1,1,30,163.44,0
3,0,36,0,4065,65,0,15,2,1,1,25,185.85,0
0,0,37,0,0,0,0,0,2,1,2,25,0.0,0
6,0,36,0,3470,76,25,26,2,1,1,25,272.07,0
8,0,35,1,8810,115,137,41,3,1,1,30,905.0,0
2,0,36,0,13468,163,0,42,3,1,1,30,545.24,0
2,0,36,0,4210,77,0,23,3,1,1,30,171.48,0
1,0,36,0,5613,89,0,10,2,1,1,25,256.59,0
4,0,36,0,1933,48,1,15,3,1,2,30,83.24,0
0,0,35,0,6195,80,179,24,3,1,1,30,967.0,0
0,0,35,0,570,8,0,9,2,1,2,25,26.01,0
0,0,36,0,405,8,6,6,2,1,2,25,45.585,0
0,0,35,0,0,0,0,0,2,1,2,25,0.0,1
2,0,35,0,11160,148,4,45,3,1,1,30,468.32,0
3,0,35,0,6413,69,101,35,2,1,1,25,746.19,0
18,0,31,0,650,41,9,15,2,1,2,25,71.595,1
8,1,34,0,5513,92,19,22,2,1,1,25,337.725,1
0,0,32,0,2535,16,0,12,3,1,1,30,102.04,0
4,0,33,0,2685,35,2,14,2,1,2,25,131.4,1
4,0,34,0,1963,38,27,29,3,1,2,30,188.04,1
0,1,34,0,0,0,0,0,3,1,2,30,0.0,1
0,0,34,0,1363,19,0,4,3,1,1,30,55.28,0
0,0,34,0,3413,76,0,26,2,1,1,25,157.005,0
0,0,33,0,1360,38,31,18,3,1,2,30,179.92,0
1,0,34,0,2475,47,168,21,2,1,1,25,869.49,0
0,1,25,0,1010,30,186,9,2,2,1,25,883.8,1
6,0,25,0,395,19,3,5,2,1,2,25,32.13,0
5,0,23,0,920,26,12,11,2,1,1,25,96.57,0
0,0,23,0,2920,55,1,21,3,1,1,30,123.0,0
6,0,38,0,4125,68,3,17,2,1,1,25,202.185,0
0,0,39,0,73,2,5,4,2,1,1,25,25.875,0
9,0,38,1,3530,79,30,28,3,1,1,30,264.36,0
11,0,37,2,8870,118,142,43,3,1,1,30,927.52,0
5,0,38,0,13528,166,0,44,3,1,1,30,547.76,0
5,0,38,1,4270,80,0,25,3,1,1,30,174.0,0
4,0,38,0,5673,92,5,12,2,1,1,25,281.925,0
7,0,38,0,1993,51,6,17,3,1,1,30,105.76,0
1,0,37,1,6255,83,184,26,3,1,1,30,989.52,0
0,0,37,0,630,11,0,11,2,1,1,25,28.845,0
0,0,38,0,465,11,11,8,2,1,1,25,70.92,0
0,0,37,0,0,0,0,0,2,1,1,25,0.0,1
5,0,37,1,11220,151,9,47,3,1,1,30,490.84,0
6,0,37,1,6473,72,106,37,2,1,1,25,771.525,0
21,1,33,0,710,44,14,17,2,1,1,25,96.93,1
11,1,36,1,5573,95,24,24,2,1,1,25,363.06,1
0,0,34,0,2595,19,0,14,3,1,1,30,104.56,0
7,0,35,0,2745,38,7,16,3,1,1,30,139.32,1
7,1,36,0,2023,41,32,31,3,1,1,30,210.56,1
0,0,36,0,0,0,0,0,3,1,1,30,0.0,1
0,0,36,0,1423,22,0,6,3,1,1,30,57.8,0
0,0,36,0,3473,79,0,28,2,1,1,25,159.84,0
1,0,35,0,1420,41,36,20,3,1,1,30,202.44,0
4,0,36,0,2535,50,173,23,2,1,1,25,894.825,0
2,1,27,1,1070,33,191,11,2,2,1,25,909.135,0
9,0,27,0,455,22,8,7,2,1,1,25,57.465,0
8,0,25,0,980,29,17,13,2,1,1,25,121.905,0
0,0,25,0,2980,58,6,23,3,1,1,30,145.52,0
0,0,34,0,4005,62,0,13,2,1,1,25,183.015,0
0,0,35,0,0,0,0,0,2,1,2,25,0.0,0
2,0,34,0,3833,57,0,31,2,1,1,25,175.05,0
3,0,34,0,3410,73,20,24,2,1,1,25,246.735,0
5,0,33,0,8750,112,132,39,3,1,1,30,882.48,0
0,0,34,0,13408,160,0,40,3,1,1,30,542.72,0
0,0,34,0,4150,74,0,21,3,1,1,30,168.96,0
0,0,34,0,5553,86,0,8,2,1,1,25,253.755,0
1,0,34,0,1873,45,0,13,3,1,2,30,76.72,0
0,0,33,0,6135,77,174,22,3,1,1,30,944.48,0
0,0,33,0,510,5,0,7,2,1,2,25,23.175,0
0,0,34,0,345,5,1,4,2,1,2,25,20.25,0
0,0,33,0,0,0,0,0,2,1,2,25,0.0,1
0,0,33,0,11100,145,0,43,3,1,1,30,449.8,0
0,0,33,0,6353,66,96,33,2,1,1,25,720.855,0
15,0,29,0,590,38,4,13,2,1,2,25,46.26,1
5,1,32,0,5453,89,14,20,2,1,1,25,312.39,1
0,0,30,0,2475,13,0,10,3,1,1,30,99.52,0
1,1,31,0,2625,32,0,12,2,1,2,25,119.565,1
1,0,32,0,1903,35,22,27,3,1,2,30,165.52,1
0,1,32,0,0,0,0,0,2,1,2,25,0.0,1
0,0,32,0,1303,16,0,2,3,1,1,30,52.76,0
0,0,32,0,263,1,0,1,3,1,2,30,10.56,1
0,0,32,0,3353,73,0,24,2,1,1,25,154.17,0
0,0,31,0,1300,35,26,16,3,1,2,30,157.4,0
0,0,32,0,2415,44,163,19,2,1,1,25,844.155,0
0,0,23,0,950,27,181,7,2,2,1,25,858.465,0
3,0,23,0,335,16,0,3,2,1,2,25,15.795,0
2,0,21,0,860,23,7,9,2,1,1,25,71.235,0
0,0,21,0,2860,52,0,19,3,1,1,30,116.48,0
4,0,40,0,4145,67,8,19,2,1,1,25,225.54,0
0,0,41,0,93,1,10,6,2,1,2,25,49.23,0
6,0,40,0,3973,62,4,37,2,1,1,25,199.575,0
7,0,40,1,3550,78,35,30,3,1,1,30,285.12,0
9,0,39,2,8890,117,147,45,3,1,1,30,948.28,0
3,0,40,0,13548,165,3,46,3,1,1,30,560.52,0
3,0,40,1,4290,79,5,27,3,1,1,30,194.76,0
2,0,40,0,5693,91,10,14,2,1,1,25,305.28,0
5,0,40,0,2013,50,11,19,3,1,2,30,126.52,0
0,0,39,1,6275,82,189,28,3,1,1,30,1010.28,0
0,0,39,0,650,10,3,13,2,1,2,25,43.2,0
0,0,40,0,485,10,16,10,2,1,2,25,94.275,0
0,0,39,0,0,0,3,0,2,1,2,25,13.5,1
3,0,39,1,11240,150,14,49,3,1,1,30,511.6,0
4,0,39,1,6493,71,111,39,2,1,1,25,794.88,0
19,0,35,0,730,43,19,19,2,1,2,25,120.285,1
9,0,38,1,5593,94,29,26,2,1,1,25,386.415,1
0,0,36,0,2615,18,3,16,3,1,1,30,117.32,0
5,1,37,0,2765,37,12,18,2,1,2,25,180.09,1
5,0,38,0,2043,40,37,33,3,1,2,30,231.32,1
0,0,38,0,0,0,3,0,3,1,2,30,12.0,1
0,0,38,0,1443,21,3,8,3,1,1,30,70.56,0
0,0,38,0,3493,78,5,30,2,1,1,25,183.195,0
0,0,37,0,1440,40,41,22,3,1,2,30,223.2,0
2,0,38,0,2555,49,178,25,2,1,1,25,918.18,0
0,0,29,1,1090,32,196,13,2,2,1,25,932.49,0
7,0,29,0,475,21,13,9,2,1,2,25,80.82,0
6,0,27,0,1000,28,22,15,2,1,1,25,145.26,0
0,0,27,0,3000,57,11,25,3,1,1,30,166.28,0
0,0,20,0,1470,22,31,16,2,1,1,25,206.64,0
2,0,32,0,3985,63,0,11,2,1,1,25,182.16,0
0,0,33,0,0,0,0,0,2,1,2,25,0.0,0
5,0,32,0,3390,74,15,22,2,1,1,25,223.38,0
7,0,31,0,8730,113,127,37,3,1,1,30,861.72,0
1,0,32,0,13388,161,0,38,3,1,1,30,541.96,0
1,0,32,0,4130,75,0,19,3,1,1,30,168.2,0
0,0,32,0,5533,87,0,6,2,1,1,25,252.9,0
3,0,32,0,1853,46,0,11,3,1,2,30,75.96,0
0,0,31,0,6115,78,169,20,3,1,1,30,923.72,0
0,0,31,0,490,6,0,5,2,1,2,25,22.32,0
0,0,32,0,325,6,0,2,2,1,2,25,14.895,0
0,0,31,0,0,0,0,0,2,1,2,25,0.0,1
1,0,31,0,11080,146,0,41,3,1,1,30,449.04,0
2,0,31,0,6333,67,91,31,2,1,1,25,697.5,0
17,0,27,0,570,39,0,11,2,1,2,25,27.405,1
7,0,30,0,5433,90,9,18,2,1,1,25,289.035,1
0,0,28,0,2455,14,0,8,3,1,1,30,98.76,0
3,1,29,0,2605,33,0,10,2,1,2,25,118.71,1
3,0,30,0,1883,36,17,25,3,1,2,30,144.76,1
0,0,30,0,0,0,0,0,2,1,2,25,0.0,1
0,0,30,0,1283,17,0,5,3,1,1,30,52.0,0
0,0,30,0,3333,74,0,22,2,1,1,25,153.315,0
0,0,29,0,1280,36,21,14,3,1,2,30,136.64,0
0,0,30,0,2395,45,158,17,2,1,1,25,820.8,0
0,0,21,0,930,28,176,5,2,2,1,25,835.11,0
5,0,21,0,315,17,0,1,2,1,2,25,14.94,0
4,0,19,0,840,24,2,7,2,1,1,25,47.88,0
0,0,19,0,2840,53,0,17,3,1,1,30,115.72,0
8,0,42,0,4325,75,13,21,3,1,1,30,228.0,0
0,0,43,0,273,9,15,8,2,1,2,25,80.19,0
11,0,42,1,3730,86,40,32,3,1,1,30,312.64,0
13,0,41,2,9070,125,152,47,3,1,1,30,975.8,0
7,0,42,0,13728,173,8,48,3,1,1,30,588.04,0
7,0,42,1,4470,87,10,29,3,1,1,30,222.28,0
6,0,42,0,5873,99,15,16,3,1,1,30,298.88,0
9,1,42,0,2193,58,16,21,3,1,2,30,154.04,0
3,0,41,1,6455,90,194,30,3,1,1,30,1037.8,0
0,0,41,0,830,18,8,15,2,1,2,25,74.16,0
2,0,42,0,665,18,21,12,3,1,2,30,111.32,0
0,0,41,0,0,0,8,0,2,1,2,25,36.0,1
8,0,41,1,6673,79,116,41,2,1,1,25,825.84,0
23,1,37,0,910,51,24,21,2,1,2,25,151.245,1
13,0,40,1,5773,102,34,28,2,1,1,25,417.375,0
1,0,38,0,2795,26,8,18,3,1,1,30,144.84,0
9,1,39,0,2945,45,17,20,3,1,2,30,187.6,1
9,0,40,0,2223,48,42,35,3,1,2,30,258.84,1
0,0,40,0,88,6,8,6,3,1,2,30,35.76,1
1,0,40,0,1623,29,8,10,3,1,1,30,98.08,0
2,0,40,0,3673,86,10,32,2,1,1,25,214.155,0
3,0,39,0,1620,48,46,24,3,1,2,30,250.72,0
6,0,40,0,2735,57,183,27,2,1,1,25,949.14,0
4,0,31,1,1270,40,201,15,2,2,1,25,963.45,0
11,0,31,0,655,29,18,11,2,1,2,25,111.78,0
10,0,29,0,1180,36,27,17,2,1,1,25,176.22,0
2,0,29,0,3180,65,16,27,3,1,1,30,193.8,0
2,0,22,0,1650,30,36,18,2,1,1,25,237.6,0
16,0,21,1,6348,145,93,46,2,2,1,25,710.685,0
0,0,30,0,3805,55,0,9,2,1,1,25,173.7,0
0,0,31,0,0,0,0,0,2,1,2,25,0.0,0
1,0,30,0,3210,66,10,20,2,1,1,25,192.42,0
3,0,29,0,8550,105,122,35,3,1,1,30,834.2,0
0,0,30,0,13208,153,0,36,3,1,1,30,534.44,0
0,0,30,0,3950,67,0,17,3,1,1,30,160.68,0
0,0,30,0,5353,79,0,4,2,1,1,25,244.44,0
0,0,30,0,1673,38,0,9,3,1,2,30,68.44,0
0,0,29,0,5935,70,164,18,3,1,1,30,896.2,0
0,0,29,0,0,0,0,0,2,1,2,25,0.0,0
0,0,30,0,0,0,0,0,2,1,2,25,0.0,0
0,0,29,0,0,0,0,0,2,1,2,25,0.0,1
0,0,29,0,10900,138,0,39,3,1,1,30,441.52,0
0,0,29,0,6153,59,86,29,2,1,1,25,666.54,0
13,1,25,0,390,31,0,9,2,1,2,25,18.945,1
3,0,28,0,5253,82,4,16,2,1,1,25,258.075,1
0,0,26,0,2275,6,0,6,3,1,1,30,91.24,0
0,1,27,0,2425,25,0,8,2,1,2,25,110.25,1
0,1,28,0,1703,28,12,23,3,1,2,30,117.24,1
0,0,28,0,0,0,0,0,2,1,2,25,0.0,1
0,0,28,0,0,0,0,0,3,1,1,30,0.0,0
0,0,28,0,0,0,0,0,3,1,2,30,0.0,1
0,0,28,0,3153,66,0,20,2,1,1,25,144.855,0
0,0,27,0,1100,28,16,12,3,1,2,30,109.12,0
0,0,28,0,2215,37,153,15,2,1,1,25,789.84,0
0,0,19,0,750,20,171,3,2,2,1,25,804.15,0
0,0,19,0,0,0,0,0,2,1,2,25,0.0,0
5,0,39,0,4245,73,9,20,2,1,1,25,234.81,0
0,0,40,0,193,7,11,7,2,1,2,25,58.5,0
8,0,39,0,3650,84,36,31,2,1,1,25,330.03,0
10,0,38,1,8990,123,148,46,3,1,1,30,956.52,0
4,0,39,0,13648,171,4,47,3,1,1,30,568.76,0
4,0,39,0,4390,85,6,28,3,1,1,30,203.0,0
3,0,39,0,5793,97,11,15,2,1,1,25,314.55,0
6,0,39,0,2113,56,12,20,3,1,2,30,134.76,0
0,0,38,0,6375,88,190,29,3,1,1,30,1018.52,0
0,0,38,0,750,16,4,14,2,1,2,25,52.47,0
0,0,39,0,585,16,17,11,2,1,2,25,103.545,0
0,0,38,0,0,0,4,0,2,1,2,25,18.0,1
4,0,38,0,11340,156,15,50,3,1,1,30,519.84,0
5,0,38,0,6593,77,112,40,2,1,1,25,804.15,0
20,1,34,0,830,49,20,20,2,1,2,25,129.555,1
10,0,37,0,5693,100,30,27,2,1,1,25,395.685,1
0,0,35,0,2715,24,4,17,3,1,1,30,125.56,0
6,1,36,0,2865,43,13,19,2,1,2,25,189.36,1
6,1,37,0,2143,46,38,34,3,1,2,30,239.56,1
0,0,37,0,8,4,4,5,3,1,2,30,16.48,1
0,0,37,0,1543,27,4,9,3,1,1,30,78.8,0
0,0,37,0,3593,84,6,31,2,1,1,25,192.465,0
0,0,36,0,1540,46,42,23,3,1,2,30,231.44,0
3,0,37,0,2655,55,179,26,2,1,1,25,927.45,0
1,0,28,0,1190,38,197,14,2,2,1,25,941.76,0
8,0,28,0,575,27,14,10,2,1,2,25,90.09,0
7,0,26,0,1100,34,23,16,2,1,1,25,154.53,0
0,0,26,0,3100,63,12,26,3,1,1,30,174.52,0
0,0,19,0,1570,28,32,17,2,1,1,25,215.91,0
1,0,33,0,3885,57,0,10,2,1,1,25,177.39,0
0,0,34,0,0,0,0,0,2,1,2,25,0.0,0
4,0,33,0,3290,68,14,21,2,1,1,25,214.11,0
6,0,32,1,8630,107,126,36,3,1,1,30,853.48,0
0,0,33,0,13288,155,0,37,3,1,1,30,537.72,0
0,0,33,0,4030,69,0,18,3,1,1,30,163.96,0
0,0,33,0,5433,81,0,5,2,1,1,25,248.13,0
2,0,33,0,1753,40,0,10,3,1,2,30,71.72,0
0,0,32,0,6015,72,168,19,3,1,1,30,915.48,0
0,0,32,0,0,0,0,0,2,1,2,25,0.0,0
0,0,33,0,0,0,0,0,2,1,2,25,0.0,0
0,0,32,0,0,0,0,0,2,1,2,25,0.0,1
0,0,32,0,10980,140,0,40,3,1,1,30,444.8,0
1,0,32,0,6233,61,90,30,2,1,1,25,688.23,0
16,0,28,0,470,33,0,10,2,1,2,25,22.635,1
6,1,31,0,5333,84,8,17,2,1,1,25,279.765,1
0,0,29,0,2355,8,0,7,3,1,1,30,94.52,0
2,1,30,0,2505,27,0,9,2,1,2,25,113.94,1
2,0,31,0,1783,30,16,24,3,1,2,30,136.52,1
0,0,31,0,0,0,0,0,3,1,2,30,0.0,1
0,0,31,0,0,0,0,0,3,1,1,30,0.0,0
0,0,31,0,3233,68,0,21,2,1,1,25,148.545,0
0,0,30,0,1180,30,20,13,3,1,2,30,128.4,0
0,0,31,0,2295,39,157,16,2,1,1,25,811.53,0
0,0,22,0,830,22,175,4,2,2,1,25,825.84,0
4,0,22,0,215,11,0,3,2,1,2,25,10.17,0
3,0,20,0,740,18,1,6,2,1,1,25,38.61,0
0,0,20,0,2740,47,0,16,3,1,1,30,111.48,0
7,0,36,1,4665,75,19,30,2,1,1,25,298.8,0
0,0,37,0,613,9,21,17,2,1,2,25,122.49,0
10,0,36,2,4070,86,46,41,3,1,1,30,350.24,0
6,0,36,1,14068,173,14,57,3,1,1,30,625.64,0
6,0,36,2,4810,87,16,38,3,1,1,30,259.88,0
5,0,36,1,6213,99,21,25,2,1,1,25,378.54,0
8,0,36,0,2533,58,22,30,3,1,2,30,191.64,0
2,0,35,2,6795,90,200,39,3,1,1,30,1075.4,0
0,0,35,0,1170,18,14,24,2,1,2,25,116.46,0
1,0,36,0,1005,18,27,21,2,1,2,25,167.535,0
0,1,35,0,295,4,14,13,2,1,2,25,76.455,1
6,0,35,2,11760,158,25,60,3,1,1,30,576.72,0
7,0,35,2,7013,79,122,50,2,1,1,25,868.14,0
22,0,31,0,1250,51,30,30,2,1,2,25,193.545,1
12,0,34,2,6113,102,40,37,2,1,1,25,459.675,0
0,0,32,1,3135,26,14,27,3,1,1,30,182.44,0
8,0,33,0,3285,45,23,29,2,1,2,25,253.35,1
8,1,34,0,2563,48,48,44,3,1,2,30,296.44,1
0,0,34,0,428,6,14,15,3,1,2,30,73.36,1
0,0,34,1,1963,29,14,19,3,1,1,30,135.68,0
1,0,34,1,4013,86,16,41,2,1,1,25,256.455,0
2,1,33,0,1960,48,52,33,3,1,2,30,288.32,1
5,0,34,1,3075,57,189,36,2,1,1,25,991.44,0
3,0,25,2,1610,40,207,24,2,2,1,25,1005.75,0
10,0,25,0,995,29,24,20,2,1,2,25,154.08,0
9,0,23,1,1520,36,33,26,2,1,1,25,218.52,0
1,0,23,1,3520,65,22,36,3,1,1,30,231.4,0
0,0,36,0,3465,55,0,10,2,1,1,25,158.4,0
0,0,37,0,0,0,0,0,2,1,2,25,0.0,0
2,0,36,0,2870,66,4,11,2,1,1,25,150.12,0
4,0,35,0,8210,105,116,26,3,1,1,30,796.6,0
0,0,36,0,12868,153,0,27,3,1,1,30,520.84,0
0,0,36,0,3610,67,0,8,3,1,1,30,147.08,0
0,0,36,0,5013,79,0,13,2,1,1,25,229.14,0
0,0,36,0,1333,38,0,4,3,1,2,30,54.84,0
0,0,35,0,5595,70,158,9,3,1,1,30,858.6,0
0,0,35,0,0,0,0,0,2,1,2,25,0.0,0
0,0,36,0,0,0,0,0,2,1,2,25,0.0,0
0,0,35,0,0,0,0,0,2,1,2,25,0.0,1
0,0,35,0,10560,138,0,30,3,1,1,30,427.92,0
0,0,35,0,5813,59,80,20,2,1,1,25,624.24,0
7,0,31,0,50,2,0,1,2,1,2,25,2.34,1
4,0,34,0,4913,82,0,7,2,1,1,25,224.775,1
0,0,32,0,1935,6,0,2,3,1,1,30,77.64,0
0,0,33,0,2085,25,0,9,2,1,2,25,94.95,1
0,1,34,0,1363,28,6,14,3,1,2,30,79.64,1
0,0,34,0,0,0,0,0,2,1,2,25,0.0,1
0,0,34,0,0,0,0,0,3,1,1,30,0.0,0
0,0,34,0,2813,66,0,11,2,1,1,25,129.555,0
0,0,33,0,760,28,10,3,3,1,2,30,71.52,0
0,0,34,0,1875,37,147,6,2,1,1,25,747.54,0
0,0,25,0,1903,20,165,8,2,2,1,25,829.035,0
0,0,25,0,0,0,0,0,2,1,2,25,0.0,0
0,0,23,0,0,0,0,0,2,1,1,25,0.0,0
0,0,23,0,2320,45,0,6,3,1,1,30,94.6,0
3,0,37,0,4180,71,30,19,3,1,1,30,290.04,0
0,0,38,0,128,5,32,6,3,1,2,30,133.32,0
0,0,37,0,2203,58,27,35,2,1,1,25,223.245,0
6,0,37,1,3585,82,57,30,3,1,1,30,374.68,0
8,0,36,2,8925,121,169,45,3,1,1,30,1037.84,0
2,0,37,0,13583,169,25,46,3,1,1,30,650.08,0
2,0,37,1,4325,83,27,27,3,1,1,30,284.32,0
1,0,37,0,5728,95,32,14,3,1,1,30,360.92,0
4,0,37,0,2048,54,33,19,3,1,2,30,216.08,0
0,0,36,0,685,14,25,13,2,1,2,25,143.955,0
0,0,37,0,520,14,38,10,3,1,2,30,173.36,0
0,0,36,0,0,0,25,0,2,1,2,25,112.5,1
3,0,36,1,6528,75,133,39,2,1,1,25,895.635,0
18,0,32,0,765,47,41,19,3,1,2,30,196.48,1
8,1,35,1,5628,98,51,26,2,1,1,25,487.17,1
0,0,33,0,2650,22,25,16,3,1,1,30,206.88,0
4,1,34,0,2800,41,34,18,3,1,2,30,249.64,1
4,0,35,0,2078,44,59,33,3,1,2,30,320.88,1
0,0,35,0,0,0,25,0,3,1,2,30,100.0,1
0,0,35,0,3528,82,27,30,3,1,1,30,252.4,0
0,0,34,0,1475,44,63,22,3,1,2,30,312.76,0
1,0,35,0,2590,53,200,25,2,1,1,25,1018.935,0
6,0,26,0,510,25,35,9,3,1,2,30,161.4,0
5,0,24,0,1035,32,44,15,2,1,1,25,246.015,0
0,0,24,0,3035,61,33,25,3,1,1,30,255.84,0
3,0,35,0,3950,59,0,11,2,1,1,25,180.405,0
0,0,36,0,0,0,0,0,2,1,2,25,0.0,0
6,0,35,0,3355,70,0,22,2,1,1,25,154.125,0
8,0,34,0,8695,109,105,37,3,1,1,30,772.16,0
2,0,35,0,13353,157,0,38,3,1,1,30,540.4,0
2,0,35,0,4095,71,0,19,3,1,1,30,166.64,0
1,0,35,0,5498,83,0,6,2,1,1,25,251.145,0
4,0,35,0,1818,42,0,11,3,1,2,30,74.4,0
0,0,34,0,6080,74,147,20,3,1,1,30,834.16,0
0,0,34,0,455,2,0,5,2,1,2,25,20.565,0
0,0,35,0,290,2,0,2,2,1,2,25,13.14,0
0,0,34,0,0,0,0,0,2,1,2,25,0.0,1
2,0,34,0,11045,142,0,41,3,1,1,30,447.48,0
3,0,34,0,6298,63,69,31,2,1,1,25,596.745,0
18,0,30,0,535,35,0,11,2,1,2,25,25.65,1
8,0,33,0,5398,86,0,18,2,1,1,25,246.78,1
0,0,31,0,2420,10,0,8,3,1,1,30,97.2,0
4,1,32,0,2570,29,0,10,2,1,2,25,116.955,1
4,0,33,0,1848,32,0,25,3,1,2,30,75.2,1
0,0,33,0,0,0,0,0,2,1,2,25,0.0,1
0,0,33,0,1248,13,0,3,3,1,1,30,50.44,0
0,0,33,0,0,0,0,0,3,1,2,30,0.0,1
0,0,33,0,3298,70,0,22,2,1,1,25,151.56,0
0,0,32,0,1245,32,0,14,3,1,2,30,51.08,0
1,0,33,0,2360,41,136,17,2,1,1,25,720.045,0
0,0,24,0,895,24,154,5,2,2,1,25,734.355,0
6,0,24,0,280,13,0,1,2,1,2,25,13.185,0
0,0,22,0,2805,49,0,17,3,1,1,30,114.16,0
5,0,36,0,4255,66,7,18,2,1,1,25,225.945,0
0,0,37,0,0,0,9,0,2,1,2,25,40.5,0
8,0,36,0,3660,77,34,29,2,1,1,25,321.165,0
10,0,35,1,9000,116,146,44,3,1,1,30,948.64,0
4,0,36,0,13658,164,2,45,3,1,1,30,560.88,0
4,0,36,0,4400,78,4,26,3,1,1,30,195.12,0
3,0,36,0,5803,90,9,13,2,1,1,25,305.685,0
6,1,36,0,2123,49,10,18,3,1,2,30,126.88,0
0,0,35,0,6385,81,188,27,3,1,1,30,1010.64,0
0,0,35,0,760,9,2,12,2,1,2,25,43.605,0
0,0,36,0,595,9,15,9,2,1,2,25,94.68,0
0,0,35,0,0,0,2,0,2,1,2,25,9.0,1
4,0,35,0,11350,149,13,48,3,1,1,30,511.96,0
5,0,35,0,6603,70,110,38,2,1,1,25,795.285,0
20,0,31,0,840,42,18,18,2,1,2,25,120.69,1
10,0,34,0,5703,93,28,25,2,1,1,25,386.82,1
0,0,32,0,2725,17,2,15,3,1,1,30,117.68,0
6,0,33,0,2875,36,11,17,2,1,2,25,180.495,1
6,1,34,0,2153,39,36,32,3,1,2,30,231.68,1
0,0,34,0,0,0,2,0,3,1,2,30,8.0,1
0,0,34,0,1553,20,2,7,3,1,1,30,70.92,0
0,0,34,0,3603,77,4,29,2,1,1,25,183.6,0
0,0,33,0,1550,39,40,21,3,1,2,30,223.56,0
3,0,34,0,2665,48,177,24,2,1,1,25,918.585,0
1,0,25,0,1200,31,195,12,2,2,1,25,932.895,0
8,0,25,0,585,20,12,8,2,1,2,25,81.225,0
7,0,23,0,1110,27,21,14,2,1,1,25,145.665,0
0,0,23,0,3110,56,10,24,3,1,1,30,166.64,0
1,0,36,0,3875,64,0,12,2,1,1,25,177.255,0
0,0,37,0,0,0,0,0,2,1,2,25,0.0,0
3,0,36,0,3703,59,0,30,2,1,1,25,169.29,0
4,0,36,0,3280,75,16,23,2,1,1,25,222.975,0
6,0,35,1,8620,114,128,38,3,1,1,30,861.36,0
0,0,36,0,13278,162,0,39,3,1,1,30,537.6,0
0,0,36,0,4020,76,0,20,3,1,1,30,163.84,0
0,0,36,0,5423,88,0,7,2,1,1,25,247.995,0
2,0,36,0,1743,47,0,12,3,1,2,30,71.6,0
0,0,35,0,6005,79,170,21,3,1,1,30,923.36,0
0,0,35,0,380,7,0,6,2,1,2,25,17.415,0
0,0,36,0,215,7,0,3,2,1,2,25,9.99,0
0,0,35,0,0,0,0,0,2,1,2,25,0.0,1
0,0,35,0,10970,147,0,42,3,1,1,30,444.68,0
1,0,35,0,6223,68,92,32,2,1,1,25,697.095,0
16,1,31,0,460,40,0,12,2,1,2,25,22.5,1
6,0,34,0,5323,91,10,19,2,1,1,25,288.63,1
0,0,32,0,2345,15,0,9,3,1,1,30,94.4,0
2,1,33,0,2495,34,0,11,2,1,2,25,113.805,1
2,0,34,0,1773,37,18,26,3,1,2,30,144.4,1
0,0,34,0,0,0,0,0,3,1,2,30,0.0,1
0,0,34,0,1173,18,0,1,3,1,1,30,47.64,0
0,0,34,0,3223,75,0,23,2,1,1,25,148.41,0
0,0,33,0,1170,37,22,15,3,1,2,30,136.28,0
0,0,34,0,2285,46,159,18,2,1,1,25,820.395,0
0,0,25,0,820,29,177,6,2,2,1,25,834.705,0
4,0,25,0,205,18,0,2,2,1,2,25,10.035,0
3,0,23,0,730,25,3,8,2,1,1,25,47.475,0
0,0,23,0,2730,54,0,18,3,1,1,30,111.36,0
1,0,31,0,4065,59,0,14,2,1,1,25,185.58,0
0,0,32,0,0,0,0,0,2,1,2,25,0.0,0
4,0,31,0,3470,70,17,25,2,1,1,25,235.8,0
6,0,30,0,8810,109,129,40,3,1,1,30,872.76,0
0,0,31,0,13468,157,0,41,3,1,1,30,545.0,0
0,0,31,0,4210,71,0,22,3,1,1,30,171.24,0
0,0,31,0,5613,83,0,9,2,1,1,25,256.32,0
2,0,31,0,1933,42,0,14,3,1,2,30,79.0,0
0,0,30,0,6195,74,171,23,3,1,1,30,934.76,0
0,0,30,0,570,2,0,8,2,1,2,25,25.74,0
0,0,31,0,405,2,0,5,2,1,2,25,18.315,0
0,0,30,0,0,0,0,0,2,1,2,25,0.0,1
0,0,30,0,11160,142,0,44,3,1,1,30,452.08,0
1,0,30,0,6413,63,93,34,2,1,1,25,709.92,0
16,0,26,0,650,35,1,14,2,1,2,25,35.325,1
6,0,29,0,5513,86,11,21,2,1,1,25,301.455,1
0,0,27,0,2535,10,0,11,3,1,1,30,101.8,0
2,0,28,0,2685,29,0,13,2,1,2,25,122.13,1
2,0,29,0,1963,32,19,28,3,1,2,30,155.8,1
0,0,29,0,0,0,0,0,2,1,2,25,0.0,1
0,0,29,0,1363,13,0,3,3,1,1,30,55.04,0
0,0,29,0,0,0,0,0,3,1,2,30,0.0,1
0,0,29,0,3413,70,0,25,2,1,1,25,156.735,0
0,0,28,0,1360,32,23,17,3,1,2,30,147.68,0
0,0,29,0,2475,41,160,20,2,1,1,25,833.22,0
0,0,20,0,1010,24,178,8,2,2,1,25,847.53,0
4,0,20,0,395,13,0,4,2,1,2,25,18.36,0
5,0,41,0,4065,71,6,16,3,1,1,30,189.44,0
0,0,42,0,13,5,8,3,3,1,2,30,32.72,0
0,0,41,0,2088,58,3,32,2,1,1,25,110.07,0
8,0,41,1,3470,82,33,27,3,1,1,30,274.08,0
10,0,40,2,8810,121,145,42,3,1,1,30,937.24,0
4,0,41,0,13468,169,1,43,3,1,1,30,549.48,0
4,0,41,1,4210,83,3,24,3,1,1,30,183.72,0
3,0,41,0,5613,95,8,11,3,1,1,30,260.32,0
6,0,41,0,1933,54,9,16,3,1,2,30,115.48,0
0,0,40,1,6195,86,187,25,3,1,1,30,999.24,0
0,0,40,0,570,14,1,10,2,1,2,25,30.78,0
0,0,41,0,405,14,14,7,3,1,2,30,72.76,0
0,0,40,0,0,0,1,0,2,1,2,25,4.5,1
5,0,40,1,6413,75,109,36,2,1,1,25,782.46,0
20,0,36,0,650,47,17,16,3,1,2,30,95.88,1
10,0,39,1,5513,98,27,23,2,1,1,25,373.995,1
0,0,37,0,2535,22,1,13,3,1,1,30,106.28,0
6,1,38,0,2685,41,10,15,3,1,2,30,149.04,1
6,0,39,0,1963,44,35,30,3,1,2,30,220.28,1
0,0,39,0,0,0,1,0,3,1,2,30,4.0,1
0,0,39,0,3413,82,3,27,3,1,1,30,151.8,0
0,0,38,0,1360,44,39,19,3,1,2,30,212.16,0
3,0,39,0,2475,53,176,22,2,1,1,25,905.76,0
1,0,30,1,1010,36,194,10,2,2,1,25,920.07,0
8,0,30,0,395,25,11,6,3,1,2,30,60.8,0
7,0,28,0,920,32,20,12,2,1,1,25,132.84,0
0,0,28,0,2920,61,9,22,3,1,1,30,155.24,0
0,0,21,0,1390,26,29,13,2,1,1,25,194.22,0
13,0,20,1,6087,141,86,41,2,2,1,25,667.26,0
9,0,37,0,4775,76,23,15,2,1,1,25,321.795,0
1,0,38,0,723,10,8,2,2,1,2,25,68.985,0
12,0,37,1,4180,87,33,26,3,1,1,30,302.68,0
14,0,36,2,9520,126,145,41,3,1,1,30,965.84,0
8,0,37,1,4920,88,3,23,3,1,1,30,212.32,0
7,0,37,0,6323,100,8,10,2,1,1,25,325.035,0
10,0,37,0,2643,59,9,15,3,1,2,30,144.08,0
4,0,36,1,6905,91,187,24,3,1,1,30,1027.84,0
1,0,36,0,1280,19,1,9,2,1,2,25,62.955,0
3,0,37,0,1115,19,14,6,2,1,2,25,114.03,0
0,0,36,0,0,0,1,0,2,1,2,25,4.5,1
8,0,36,1,11870,159,12,45,3,1,1,30,529.16,0
9,0,36,1,7123,80,109,35,2,1,1,25,814.635,0
24,0,32,0,1360,52,17,15,2,1,2,25,140.04,1
14,0,35,1,6223,103,27,22,2,1,1,25,406.17,0
2,0,33,0,3245,27,1,12,3,1,1,30,134.88,0
10,0,34,0,3395,46,10,14,3,1,2,30,177.64,1
10,1,35,0,2673,49,35,29,3,1,2,30,248.88,1
1,0,35,0,538,7,1,1,3,1,2,30,25.8,1
2,0,35,0,2073,30,1,4,3,1,1,30,88.12,0
3,0,35,0,4123,87,3,26,2,1,1,25,202.95,0
4,0,34,0,2070,49,39,18,3,1,2,30,240.76,0
7,0,35,0,3185,58,176,21,2,1,1,25,937.935,0
5,0,26,1,1720,41,194,9,2,2,1,25,952.245,0
12,0,26,0,1105,30,11,5,2,1,2,25,100.575,0
11,0,24,0,1630,37,20,11,2,1,1,25,165.015,0
3,0,24,0,3630,66,9,21,3,1,1,30,183.84,0
0,0,35,0,3355,54,0,15,2,1,1,25,153.405,0
0,0,36,0,0,0,0,0,2,1,2,25,0.0,0
0,0,35,0,2760,65,0,26,2,1,1,25,127.125,0
2,0,34,0,8100,104,112,41,3,1,1,30,776.16,0
0,0,35,0,12758,152,0,42,3,1,1,30,516.4,0
0,0,35,0,3500,66,0,23,3,1,1,30,142.64,0
0,0,35,0,4903,78,0,10,2,1,1,25,224.145,0
0,0,35,0,1223,37,0,15,3,1,2,30,50.4,0
0,0,34,0,5485,69,154,24,3,1,1,30,838.16,0
0,0,34,0,0,0,0,0,2,1,2,25,0.0,0
0,0,35,0,0,0,0,0,2,1,2,25,0.0,0
0,0,34,0,0,0,0,0,2,1,2,25,0.0,1
0,0,34,0,10450,137,0,45,3,1,1,30,423.48,0
0,0,34,0,5703,58,76,35,2,1,1,25,601.245,0
0,1,30,0,0,0,0,0,2,1,2,25,0.0,1
2,1,33,0,4803,81,0,22,2,1,1,25,219.78,1
0,0,31,0,1825,5,0,12,3,1,1,30,73.2,0
0,0,32,0,1975,24,0,14,2,1,2,25,89.955,1
0,0,33,0,1253,27,2,29,3,1,2,30,59.2,1
0,1,33,0,0,0,0,0,2,1,2,25,0.0,1
0,0,33,0,653,8,0,4,3,1,1,30,26.44,0
0,0,33,0,0,0,0,0,3,1,2,30,0.0,1
0,0,33,0,2703,65,0,26,2,1,1,25,124.56,0
0,0,32,0,650,27,6,18,3,1,2,30,51.08,0
0,0,33,0,1765,36,143,21,2,1,1,25,724.545,0
0,0,24,0,300,19,161,9,2,2,1,25,738.855,0
0,0,24,0,0,0,0,0,2,1,2,25,0.0,0
0,0,22,0,210,15,0,11,2,1,1,25,10.125,0
0,0,22,0,2210,44,0,21,3,1,1,30,90.16,0
3,0,36,0,4065,65,0,15,2,1,1,25,185.85,0
0,0,37,0,0,0,0,0,2,1,2,25,0.0,0
6,0,36,0,3470,76,25,26,2,1,1,25,272.07,0
8,0,35,1,8810,115,137,41,3,1,1,30,905.0,0
2,0,36,0,13468,163,0,42,3,1,1,30,545.24,0
2,0,36,0,4210,77,0,23,3,1,1,30,171.48,0
1,0,36,0,5613,89,0,10,2,1,1,25,256.59,0
4,0,36,0,1933,48,1,15,3,1,2,30,83.24,0
0,0,35,0,6195,80,179,24,3,1,1,30,967.0,0
0,0,35,0,570,8,0,9,2,1,2,25,26.01,0
0,0,36,0,405,8,6,6,2,1,2,25,45.585,0
0,1,35,0,0,0,0,0,2,1,2,25,0.0,1
2,0,35,0,11160,148,4,45,3,1,1,30,468.32,0
3,0,35,0,6413,69,101,35,2,1,1,25,746.19,0
18,0,31,0,650,41,9,15,2,1,2,25,71.595,1
8,0,34,0,5513,92,19,22,2,1,1,25,337.725,1
0,0,32,0,2535,16,0,12,3,1,1,30,102.04,0
4,0,33,0,2685,35,2,14,2,1,2,25,131.4,1
4,1,34,0,1963,38,27,29,3,1,2,30,188.04,1
0,0,34,0,0,0,0,0,3,1,2,30,0.0,1
0,0,34,0,1363,19,0,4,3,1,1,30,55.28,0
0,0,34,0,3413,76,0,26,2,1,1,25,157.005,0
0,0,33,0,1360,38,31,18,3,1,2,30,179.92,0
1,0,34,0,2475,47,168,21,2,1,1,25,869.49,0
0,0,25,0,1010,30,186,9,2,2,1,25,883.8,0
6,0,25,0,395,19,3,5,2,1,2,25,32.13,0
5,0,23,0,920,26,12,11,2,1,1,25,96.57,0
0,0,23,0,2920,55,1,21,3,1,1,30,123.0,0
3,0,36,0,4065,65,0,15,2,1,1,25,185.85,0
0,0,37,0,0,0,0,0,2,1,2,25,0.0,0
6,0,36,0,3470,76,25,26,2,1,1,25,272.07,0
8,0,35,1,8810,115,137,41,3,1,1,30,905.0,0
2,0,36,0,13468,163,0,42,3,1,1,30,545.24,0
2,0,36,0,4210,77,0,23,3,1,1,30,171.48,0
1,0,36,0,5613,89,0,10,2,1,1,25,256.59,0
4,0,36,0,1933,48,1,15,3,1,2,30,83.24,0
0,0,35,0,6195,80,179,24,3,1,1,30,967.0,0
0,0,35,0,570,8,0,9,2,1,2,25,26.01,0
0,0,36,0,405,8,6,6,2,1,2,25,45.585,0
0,0,35,0,0,0,0,0,2,1,2,25,0.0,1
2,0,35,0,11160,148,4,45,3,1,1,30,468.32,0
3,0,35,0,6413,69,101,35,2,1,1,25,746.19,0
18,1,31,0,650,41,9,15,2,1,2,25,71.595,1
8,0,34,0,5513,92,19,22,2,1,1,25,337.725,1
0,0,32,0,2535,16,0,12,3,1,1,30,102.04,0
4,1,33,0,2685,35,2,14,2,1,2,25,131.4,1
4,0,34,0,1963,38,27,29,3,1,2,30,188.04,1
0,1,34,0,0,0,0,0,3,1,2,30,0.0,1
0,0,34,0,1363,19,0,4,3,1,1,30,55.28,0
0,0,34,0,3413,76,0,26,2,1,1,25,157.005,0
0,0,33,0,1360,38,31,18,3,1,2,30,179.92,0
1,0,34,0,2475,47,168,21,2,1,1,25,869.49,0
0,0,25,0,1010,30,186,9,2,2,1,25,883.8,0
6,0,25,0,395,19,3,5,2,1,2,25,32.13,0
5,0,23,0,920,26,12,11,2,1,1,25,96.57,0
0,0,23,0,2920,55,1,21,3,1,1,30,123.0,0
13,0,40,1,4675,77,12,19,3,1,1,30,238.08,0
5,0,41,0,623,11,14,6,3,1,2,30,81.36,0
8,0,40,1,2698,64,9,35,2,1,1,25,164.79,0
16,0,40,2,4080,88,39,30,3,1,1,30,322.72,0
12,0,40,1,14078,175,7,46,3,1,1,30,598.12,0
12,0,40,2,4820,89,9,27,3,1,1,30,232.36,0
11,0,40,1,6223,101,14,14,3,1,1,30,308.96,0
14,1,40,0,2543,60,15,19,3,1,2,30,164.12,0
8,0,39,2,6805,92,193,28,3,1,1,30,1047.88,0
5,0,39,0,1180,20,7,13,2,1,2,25,85.5,0
7,0,40,0,1015,20,20,10,3,1,2,30,121.4,0
5,0,39,0,305,6,7,2,2,1,2,25,45.495,1
13,0,39,2,7023,81,115,39,2,1,1,25,837.18,0
28,0,35,0,1260,53,23,19,3,1,2,30,144.52,1
18,0,38,2,6123,104,33,26,2,1,1,25,428.715,0
6,0,36,1,3145,28,7,16,3,1,1,30,154.92,0
14,1,37,0,3295,47,16,18,3,1,2,30,197.68,1
5,0,38,0,438,8,7,4,3,1,2,30,45.84,1
7,0,38,1,4023,88,9,30,3,1,1,30,200.44,0
8,0,37,0,1970,50,45,22,3,1,2,30,260.8,0
11,0,38,1,3085,59,182,25,2,1,1,25,960.48,0
9,0,29,2,1620,42,200,13,3,2,1,30,866.48,0
16,0,29,0,1005,31,17,9,3,1,2,30,109.44,0
15,0,27,1,1530,38,26,15,2,1,1,25,187.56,0
7,0,27,1,3530,67,15,25,3,1,1,30,203.88,0
7,0,20,1,2000,32,35,16,3,1,1,30,221.28,0
21,0,19,2,6698,147,92,44,2,2,1,25,722.025,0
16,0,42,2,4735,80,17,21,3,1,1,30,260.6,0
8,0,43,2,683,14,19,8,3,1,1,30,103.88,0
11,0,42,2,2758,67,14,37,2,1,1,25,190.125,0
14,0,42,2,6283,104,19,16,3,1,1,30,331.48,0
8,0,41,2,1240,23,12,15,2,1,1,25,110.835,0
10,0,42,2,1075,23,25,12,3,1,1,30,143.92,0
8,0,41,2,365,9,12,4,3,1,1,30,62.96,1
9,0,38,2,3205,31,12,18,3,1,1,30,177.44,0
17,1,39,2,3355,50,21,20,3,1,1,30,220.2,1
8,0,40,2,498,11,12,6,3,1,1,30,68.36,1
10,0,40,2,4083,91,14,32,3,1,1,30,222.96,0
14,0,40,2,3145,62,187,27,2,1,1,25,985.815,0
19,0,31,2,1065,34,22,11,3,1,1,30,131.96,0
18,0,29,2,1590,41,31,17,2,1,1,25,212.895,0
10,0,29,2,3590,70,20,27,3,1,1,30,226.4,0
10,0,22,2,2060,35,40,18,3,1,1,30,243.8,0
10,0,38,1,4615,74,7,17,3,1,1,30,215.56,0
5,0,39,0,563,8,9,4,3,1,2,30,58.84,0
5,0,38,1,2638,61,7,33,2,1,1,25,152.955,0
13,0,38,1,4020,85,34,28,3,1,1,30,300.2,0
15,0,37,2,9360,124,146,43,3,1,1,30,963.36,0
9,0,38,1,14018,172,7,44,3,1,1,30,595.6,0
9,0,38,1,4760,86,7,25,3,1,1,30,221.84,0
8,0,38,1,6163,98,9,12,3,1,1,30,286.44,0
11,0,38,0,2483,57,10,17,3,1,2,30,141.6,0
5,0,37,1,6745,89,188,26,3,1,1,30,1025.36,0
5,0,37,0,1120,17,7,11,2,1,2,25,82.665,0
5,0,38,0,955,17,15,8,3,1,2,30,98.88,0
5,0,37,0,305,6,7,2,2,1,2,25,45.495,1
10,0,37,1,6963,78,110,37,2,1,1,25,811.845,0
25,1,33,0,1200,50,18,17,3,1,2,30,122.0,1
15,0,36,1,6063,101,28,24,2,1,1,25,403.38,0
5,0,34,1,3085,25,7,14,3,1,1,30,152.4,0
11,0,35,0,3235,44,11,16,3,1,2,30,175.16,1
11,1,36,0,2513,47,36,31,3,1,2,30,246.4,1
5,0,36,0,305,6,7,2,3,1,2,30,40.44,1
5,0,36,1,3963,85,7,28,3,1,1,30,189.92,0
5,0,35,0,1910,47,40,20,3,1,2,30,238.28,0
8,0,36,1,3025,56,177,23,2,1,1,25,935.145,0
6,0,27,1,1560,39,195,11,2,2,1,25,949.455,0
13,0,27,0,945,28,12,7,3,1,2,30,86.92,0
12,0,25,1,1470,35,21,13,2,1,1,25,162.225,0
5,0,25,1,3470,64,10,23,3,1,1,30,181.36,0
14,0,44,2,4755,79,22,23,3,1,1,30,281.36,0
6,0,45,0,703,13,24,10,3,1,2,30,124.64,0
9,0,44,2,2778,66,19,39,2,1,1,25,213.48,0
12,0,44,2,6303,103,24,18,3,1,1,30,352.24,0
15,1,44,0,2623,62,25,23,3,1,2,30,207.4,0
6,0,43,0,1260,22,17,17,2,1,2,25,134.19,0
8,0,44,0,1095,22,30,14,3,1,2,30,164.68,0
6,0,43,0,385,8,17,6,2,1,2,25,94.185,1
7,0,40,2,3225,30,17,20,3,1,1,30,198.2,0
15,1,41,0,3375,49,26,22,3,1,2,30,240.96,1
6,0,42,0,518,10,17,8,3,1,2,30,89.12,1
8,0,42,2,4103,90,19,34,3,1,1,30,243.72,0
12,0,42,2,3165,61,192,29,2,1,1,25,1009.17,0
17,0,33,0,1085,33,27,13,3,1,2,30,152.72,0
16,0,31,2,1610,40,36,19,2,1,1,25,236.25,0
8,0,31,2,3610,69,25,29,3,1,1,30,247.16,0
8,0,24,2,2080,34,45,20,3,1,1,30,264.56,0
12,0,36,1,4595,75,7,15,3,1,1,30,214.8,0
5,0,37,0,305,6,7,2,3,1,2,30,40.44,0
14,0,36,1,4423,70,7,33,2,1,1,25,233.685,0
7,0,36,1,2618,62,7,31,2,1,1,25,152.1,0
15,0,36,1,4000,86,29,26,3,1,1,30,279.44,0
17,0,35,2,9340,125,141,41,3,1,1,30,942.6,0
11,0,36,1,13998,173,7,42,3,1,1,30,594.84,0
11,0,36,1,4740,87,7,23,3,1,1,30,221.08,0
10,0,36,1,6143,99,7,10,3,1,1,30,277.68,0
13,0,36,0,2463,58,7,15,3,1,2,30,128.84,0
7,0,35,1,6725,90,183,24,3,1,1,30,1004.6,0
5,0,35,0,1100,18,7,9,2,1,2,25,81.81,0
6,0,36,0,935,18,10,6,3,1,2,30,78.12,0
5,0,35,0,305,6,7,2,2,1,2,25,45.495,1
12,0,35,1,6943,79,105,35,2,1,1,25,788.49,0
27,1,31,0,1180,51,13,15,3,1,2,30,101.24,1
17,0,34,1,6043,102,23,22,2,1,1,25,380.025,0
5,0,32,1,3065,26,7,12,3,1,1,30,151.64,0
13,1,33,0,3215,45,7,14,3,1,2,30,158.4,1
13,1,34,0,2493,48,31,29,3,1,2,30,225.64,1
5,0,34,0,305,6,7,2,3,1,2,30,40.44,1
6,0,34,1,3943,86,7,26,3,1,1,30,189.16,0
7,0,33,0,1890,48,35,18,3,1,2,30,217.52,0
10,0,34,1,3005,57,172,21,2,1,1,25,911.79,0
8,0,25,1,1540,40,190,9,3,2,1,30,823.2,0
15,0,25,0,925,29,7,5,3,1,2,30,66.16,0
14,0,23,1,1450,36,16,11,2,1,1,25,138.87,0
6,0,23,1,3450,65,7,21,3,1,1,30,168.6,0
18,0,46,2,4935,87,27,25,3,1,1,30,308.88,0
10,0,47,0,883,21,29,12,3,1,2,30,152.16,0
13,0,46,2,2958,74,24,41,2,1,1,25,244.44,0
16,0,46,2,6483,111,29,20,3,1,1,30,379.76,0
10,0,45,0,1440,30,22,19,3,1,2,30,146.8,0
12,0,46,0,1275,30,35,16,3,1,2,30,192.2,0
10,0,45,0,565,16,22,8,3,1,2,30,111.24,1
19,1,43,0,3555,57,31,24,3,1,2,30,268.48,1
10,0,44,0,698,18,22,10,3,1,2,30,116.64,1
12,0,44,2,4283,98,24,36,3,1,1,30,271.24,0
16,0,44,2,3345,69,197,31,2,1,1,25,1040.13,0
21,0,35,0,1265,41,32,15,3,1,2,30,180.24,0
20,0,33,2,1790,48,41,21,2,1,1,25,267.21,0
12,0,26,2,2260,42,50,22,3,1,1,30,292.08,0
8,0,34,1,4415,67,7,13,3,1,1,30,207.28,0
5,0,35,0,305,6,7,2,2,1,2,25,45.495,0
10,0,34,1,4243,62,7,31,2,1,1,25,225.225,0
11,0,34,1,3820,78,24,24,3,1,1,30,251.92,0
13,0,33,2,9160,117,136,39,3,1,1,30,915.08,0
7,0,34,1,13818,165,7,40,3,1,1,30,587.32,0
7,0,34,1,4560,79,7,21,3,1,1,30,213.56,0
6,0,34,1,5963,91,7,8,3,1,1,30,270.16,0
9,0,34,0,2283,50,7,13,3,1,2,30,121.32,0
5,0,33,1,6545,82,178,22,3,1,1,30,977.08,0
5,0,33,0,920,10,7,7,2,1,2,25,73.35,0
5,0,34,0,755,10,7,4,3,1,2,30,58.6,0
5,0,33,0,305,6,7,2,2,1,2,25,45.495,1
8,0,33,1,6763,71,100,33,2,1,1,25,757.53,0
23,0,29,0,1000,43,8,13,2,1,2,25,82.935,1
13,0,32,1,5863,94,18,20,2,1,1,25,349.065,1
5,0,30,1,2885,18,7,10,3,1,1,30,144.12,0
9,0,31,0,3035,37,7,12,3,1,2,30,150.88,1
9,1,32,0,2313,40,26,27,3,1,2,30,198.12,1
5,0,32,0,305,6,7,2,3,1,2,30,40.44,1
5,0,32,1,305,6,7,2,3,1,1,30,40.44,0
5,0,32,1,3763,78,7,24,2,1,1,25,204.345,0
5,0,31,0,1710,40,30,16,3,1,2,30,190.0,0
6,0,32,1,2825,49,167,19,2,1,1,25,880.83,0
5,0,23,1,1360,32,185,7,2,2,1,25,895.14,0
11,0,23,0,745,21,7,3,2,1,2,25,65.97,0
10,0,21,1,1270,28,11,9,2,1,1,25,107.91,0
5,0,21,1,3270,57,7,19,3,1,1,30,161.08,0
15,0,43,1,4855,85,23,24,3,1,1,30,289.6,0
7,0,44,0,803,19,25,11,3,1,2,30,132.88,0
10,0,43,1,2878,72,20,40,2,1,1,25,222.75,0
18,0,43,2,4260,96,50,35,3,1,1,30,374.24,0
14,0,43,2,5000,97,20,32,3,1,1,30,283.88,0
13,0,43,1,6403,109,25,19,3,1,1,30,360.48,0
16,1,43,0,2723,68,26,24,3,1,2,30,215.64,0
10,0,42,2,6985,100,204,33,3,1,1,30,1099.4,0
7,0,42,0,1360,28,18,18,2,1,2,25,143.46,0
9,0,43,0,1195,28,31,15,3,1,2,30,172.92,0
7,0,42,0,485,14,18,7,2,1,2,25,103.455,1
15,0,42,2,7203,89,126,44,2,1,1,25,895.14,0
20,0,41,2,6303,112,44,31,2,1,1,25,486.675,0
8,0,39,1,3325,36,18,21,3,1,1,30,206.44,0
16,1,40,0,3475,55,27,23,3,1,2,30,249.2,1
7,1,41,0,618,16,18,9,3,1,2,30,97.36,1
9,0,41,1,4203,96,20,35,3,1,1,30,251.96,0
10,0,40,0,2150,58,56,27,3,1,2,30,312.32,0
13,0,41,1,3265,67,193,30,2,1,1,25,1018.44,0
18,0,32,0,1185,39,28,14,3,1,2,30,160.96,0
17,0,30,1,1710,46,37,20,2,1,1,25,245.52,0
9,0,30,1,3710,75,26,30,3,1,1,30,255.4,0
9,0,23,1,2180,40,46,21,3,1,1,30,272.8,0
23,0,22,2,6878,155,103,49,2,2,1,25,779.985,0
11,0,37,1,4495,69,7,14,3,1,1,30,210.56,0
5,0,38,0,305,6,7,2,3,1,2,30,40.44,0
6,0,37,1,2518,56,7,30,2,1,1,25,147.33,0
14,0,37,2,3900,80,28,25,3,1,1,30,271.2,0
10,0,37,1,13898,167,7,41,3,1,1,30,590.6,0
10,0,37,2,4640,81,7,22,3,1,1,30,216.84,0
9,0,37,1,6043,93,7,9,3,1,1,30,273.44,0
12,0,37,0,2363,52,7,14,3,1,2,30,124.6,0
6,0,36,2,6625,84,182,23,3,1,1,30,996.36,0
5,0,36,0,1000,12,7,8,2,1,2,25,77.04,0
5,0,37,0,835,12,9,5,3,1,2,30,69.88,0
5,0,36,0,305,6,7,2,2,1,2,25,45.495,1
11,0,36,2,6843,73,104,34,2,1,1,25,779.22,0
26,1,32,0,1080,45,12,14,3,1,2,30,93.0,1
16,0,35,2,5943,96,22,21,2,1,1,25,370.755,1
5,0,33,1,2965,20,7,11,3,1,1,30,147.4,0
12,1,34,0,3115,39,7,13,3,1,2,30,154.16,1
5,1,35,0,305,6,7,2,3,1,2,30,40.44,1
5,0,35,1,3843,80,7,25,3,1,1,30,184.92,0
6,0,34,0,1790,42,34,17,3,1,2,30,209.28,0
9,0,35,1,2905,51,171,20,2,1,1,25,902.52,0
7,0,26,2,1440,34,189,8,3,2,1,30,814.96,0
14,0,26,0,825,23,7,4,3,1,2,30,61.92,0
13,0,24,1,1350,30,15,10,2,1,1,25,129.6,0
5,0,24,1,3350,59,7,20,3,1,1,30,164.36,0
9,0,41,0,1223,21,35,21,3,1,2,30,189.76,0
18,0,40,0,3143,70,36,34,3,1,2,30,272.52,0
9,0,39,0,1780,30,28,28,2,1,2,25,207.45,0
11,0,40,0,1615,30,41,25,3,1,2,30,229.8,0
9,1,39,0,905,16,28,17,2,1,2,25,167.445,1
18,1,37,0,3895,57,37,33,3,1,2,30,306.08,1
9,0,38,0,1038,18,28,19,3,1,2,30,154.24,1
20,0,29,0,1605,41,38,24,3,1,2,30,217.84,0
9,0,40,0,4075,67,7,4,3,1,1,30,193.68,0
5,0,41,0,305,6,7,2,3,1,2,30,40.44,0
5,0,40,0,2098,54,7,20,2,1,1,25,128.34,0
12,0,40,0,3480,78,18,15,3,1,1,30,214.32,0
14,0,39,1,8820,117,130,30,3,1,1,30,877.48,0
8,0,40,0,13478,165,7,31,3,1,1,30,573.72,0
8,0,40,0,4220,79,7,12,3,1,1,30,199.96,0
7,0,40,1,5623,91,7,17,3,1,1,30,256.56,0
10,0,40,0,1943,50,7,4,3,1,2,30,107.72,0
5,0,39,0,6205,82,172,13,3,1,1,30,939.48,0
5,0,39,0,580,10,7,2,2,1,2,25,58.05,0
5,0,40,0,415,10,7,2,3,1,2,30,45.0,0
5,0,39,0,305,6,7,2,2,1,2,25,45.495,1
9,0,39,0,6423,71,94,24,2,1,1,25,715.23,0
24,0,35,0,660,43,7,4,3,1,2,30,56.12,1
14,0,38,0,5523,94,12,11,2,1,1,25,306.765,1
5,0,36,1,2545,18,7,6,3,1,1,30,130.52,0
10,0,37,0,2695,37,7,3,3,1,2,30,137.28,1
10,0,38,0,1973,40,20,18,3,1,2,30,160.52,1
5,1,38,0,305,6,7,2,3,1,2,30,40.44,1
5,0,38,0,3423,78,7,15,3,1,1,30,168.04,0
5,0,37,0,1370,40,24,7,3,1,2,30,152.4,0
7,0,38,0,2485,49,161,10,2,1,1,25,838.53,0
5,0,29,1,1020,32,179,2,3,2,1,30,758.08,0
12,0,29,0,405,21,7,2,3,1,2,30,45.04,0
11,0,27,1,930,28,7,2,2,1,1,25,74.61,0
5,0,27,0,2930,57,7,10,3,1,1,30,147.48,0
5,0,20,1,1400,22,14,2,2,1,1,25,126.99,0
17,0,19,0,6098,137,71,29,2,2,1,25,600.075,0
13,0,41,2,4790,83,44,23,3,1,1,30,370.92,0
5,0,42,0,738,17,46,10,3,1,2,30,214.2,0
8,0,41,2,2813,70,41,39,2,1,1,25,314.235,0
11,0,41,2,6338,107,46,18,3,1,1,30,441.8,0
5,0,40,0,1295,26,39,17,3,1,2,30,208.84,0
7,0,41,0,1130,26,52,14,3,1,2,30,254.24,0
5,0,40,0,420,12,39,6,3,1,2,30,173.28,1
28,1,36,0,1375,59,55,23,3,1,2,30,277.36,1
14,0,38,0,3410,53,48,22,3,1,2,30,330.52,1
5,0,39,0,553,14,39,8,3,1,2,30,178.68,1
7,0,39,2,4138,94,41,34,3,1,1,30,333.28,0
16,0,30,0,1120,37,49,13,3,1,2,30,242.28,0
15,0,28,2,1645,44,58,19,2,1,1,25,337.005,0
7,0,21,2,2115,38,67,20,3,1,1,30,354.12,0
13,0,39,0,4560,71,7,15,2,1,1,25,239.895,0
5,0,40,0,305,6,7,2,2,1,2,25,45.495,0
16,0,39,1,3965,82,7,26,3,1,1,30,189.88,0
18,0,38,2,9305,121,119,41,3,1,1,30,853.04,0
12,0,39,0,13963,169,7,42,3,1,1,30,593.28,0
12,0,39,1,4705,83,7,23,3,1,1,30,219.52,0
11,0,39,0,6108,95,7,10,2,1,1,25,310.635,0
14,1,39,0,2428,54,7,15,3,1,2,30,127.28,0
8,0,38,1,6690,86,161,24,3,1,1,30,915.04,0
5,0,38,0,1065,14,7,9,2,1,2,25,80.055,0
7,0,39,0,900,14,7,6,2,1,2,25,72.63,0
5,0,38,0,305,6,7,2,2,1,2,25,45.495,1
12,0,38,1,11655,154,7,45,3,1,1,30,500.36,0
13,0,38,1,6908,75,83,35,2,1,1,25,687.735,0
28,1,34,0,1145,47,7,15,2,1,2,25,85.14,1
18,0,37,1,6008,98,7,22,2,1,1,25,306.27,1
6,0,35,0,3030,22,7,12,3,1,1,30,150.08,0
14,0,36,0,3180,41,7,14,3,1,2,30,156.84,1
14,0,37,0,2458,44,9,29,3,1,2,30,136.08,1
5,1,37,0,305,6,7,2,3,1,2,30,40.44,1
6,0,37,0,1858,25,7,4,3,1,1,30,103.32,0
7,0,37,0,3908,82,7,26,2,1,1,25,211.05,0
8,0,36,0,1855,44,13,18,3,1,2,30,127.96,0
11,0,37,0,2970,53,150,21,2,1,1,25,811.035,0
9,0,28,1,1505,36,168,9,2,2,1,25,825.345,0
16,0,28,0,890,25,7,5,2,1,2,25,72.675,0
15,0,26,0,1415,32,7,11,2,1,1,25,96.615,0
7,0,26,0,3415,61,7,21,3,1,1,30,167.04,0
7,0,19,0,1885,26,7,12,2,1,1,25,117.495,0
15,0,40,1,4865,78,21,22,3,1,1,30,281.72,0
7,0,41,0,813,12,23,9,3,1,2,30,125.0,0
10,0,40,1,2888,65,18,38,2,1,1,25,213.885,0
18,0,40,2,4270,89,48,33,3,1,1,30,366.36,0
14,0,40,2,5010,90,18,30,3,1,1,30,276.0,0
13,0,40,1,6413,102,23,17,3,1,1,30,352.6,0
16,0,40,0,2733,61,24,22,3,1,2,30,207.76,0
10,0,39,2,6995,93,202,31,3,1,1,30,1091.52,0
7,0,39,0,1370,21,16,16,2,1,2,25,134.595,0
9,0,40,0,1205,21,29,13,3,1,2,30,165.04,0
7,0,39,0,495,7,16,5,2,1,2,25,94.59,1
15,0,39,2,7213,82,124,42,2,1,1,25,886.275,0
20,0,38,2,6313,105,42,29,2,1,1,25,477.81,0
8,0,36,1,3335,29,16,19,3,1,1,30,198.56,0
16,1,37,0,3485,48,25,21,3,1,2,30,241.32,1
7,0,38,0,628,9,16,7,3,1,2,30,89.48,1
9,0,38,1,4213,89,18,33,3,1,1,30,244.08,0
10,0,37,0,2160,51,54,25,3,1,2,30,304.44,0
13,0,38,1,3275,60,191,28,2,1,1,25,1009.575,0
18,0,29,0,1195,32,26,12,3,1,2,30,153.08,0
17,0,27,1,1720,39,35,18,2,1,1,25,236.655,0
9,0,27,1,3720,68,24,28,3,1,1,30,247.52,0
9,0,20,1,2190,33,44,19,3,1,1,30,264.92,0
23,0,19,2,6887,148,101,47,2,2,1,25,771.075,0
11,0,40,1,4485,76,3,16,3,1,1,30,194.44,0
3,0,41,0,433,10,5,3,3,1,2,30,37.72,0
6,0,40,1,2508,63,0,32,2,1,1,25,115.695,0
14,0,40,2,3890,87,30,27,3,1,1,30,279.08,0
10,0,40,1,13888,174,0,43,3,1,1,30,562.48,0
10,0,40,2,4630,88,0,24,3,1,1,30,188.72,0
9,0,40,1,6033,100,5,11,3,1,1,30,265.32,0
12,1,40,0,2353,59,6,16,3,1,2,30,120.48,0
6,0,39,2,6615,91,184,25,3,1,1,30,1004.24,0
3,0,39,0,990,19,0,10,2,1,2,25,45.405,0
5,0,40,0,825,19,11,7,3,1,2,30,77.76,0
0,0,39,0,0,0,0,0,2,1,2,25,0.0,1
11,0,39,2,6833,80,106,36,2,1,1,25,788.085,0
26,1,35,0,1070,52,14,16,3,1,2,30,100.88,1
16,0,38,2,5933,103,24,23,2,1,1,25,379.62,0
4,0,36,1,2955,27,0,13,3,1,1,30,119.28,0
12,0,37,0,3105,46,7,15,3,1,2,30,154.04,1
3,0,38,0,248,7,0,1,3,1,2,30,10.2,1
5,0,38,1,3833,87,0,27,3,1,1,30,156.8,0
6,0,37,0,1780,49,36,19,3,1,2,30,217.16,0
9,0,38,1,2895,58,173,22,2,1,1,25,911.385,0
7,0,29,2,1430,41,191,10,3,2,1,30,822.84,0
14,0,29,0,815,30,8,6,3,1,2,30,65.8,0
13,0,27,1,1340,37,17,12,2,1,1,25,138.465,0
5,0,27,1,3340,66,6,22,3,1,1,30,160.24,0
5,0,20,1,1810,31,26,13,3,1,1,30,177.64,0
19,0,19,2,6507,146,83,41,2,2,1,25,672.885,0
11,0,35,0,4675,71,4,18,2,1,1,25,231.57,0
3,0,36,0,623,5,6,5,2,1,2,25,55.26,0
14,0,35,1,4080,82,31,29,3,1,1,30,290.48,0
16,0,34,2,9420,121,143,44,3,1,1,30,953.64,0
10,0,35,0,14078,169,0,45,3,1,1,30,569.88,0
10,0,35,1,4820,83,1,26,3,1,1,30,200.12,0
9,0,35,0,6223,95,6,13,2,1,1,25,311.31,0
12,0,35,0,2543,54,7,18,3,1,2,30,131.88,0
6,0,34,1,6805,86,185,27,3,1,1,30,1015.64,0
3,0,34,0,1180,14,0,12,2,1,2,25,53.73,0
5,0,35,0,1015,14,12,9,2,1,2,25,100.305,0
0,0,34,0,0,0,0,0,2,1,2,25,0.0,1
10,0,34,1,11770,154,10,48,3,1,1,30,516.96,0
11,0,34,1,7023,75,107,38,2,1,1,25,800.91,0
26,1,30,0,1260,47,15,18,2,1,2,25,126.315,1
16,0,33,1,6123,98,25,25,2,1,1,25,392.445,1
4,0,31,0,3145,22,0,15,3,1,1,30,126.68,0
12,1,32,0,3295,41,8,17,3,1,2,30,165.44,1
12,0,33,0,2573,44,33,32,3,1,2,30,236.68,1
3,0,33,0,438,2,0,3,3,1,2,30,17.6,1
4,0,33,0,1973,25,0,7,3,1,1,30,79.92,0
5,0,33,0,4023,82,1,29,2,1,1,25,189.225,0
6,0,32,0,1970,44,37,21,3,1,2,30,228.56,0
9,0,33,0,3085,53,174,24,2,1,1,25,924.21,0
7,0,24,1,1620,36,192,12,2,2,1,25,938.52,0
14,0,24,0,1005,25,9,8,2,1,2,25,86.85,0
13,0,22,0,1530,32,18,14,2,1,1,25,151.29,0
5,0,22,0,3530,61,7,24,3,1,1,30,171.64,0
15,0,45,2,4675,83,20,20,3,1,1,30,270.32,0
7,0,46,0,623,17,22,7,3,1,2,30,113.6,0
10,0,45,2,2698,70,17,36,2,1,1,25,201.06,0
14,0,45,2,14078,181,15,47,3,1,1,30,630.36,0
13,0,45,2,6223,107,22,15,3,1,1,30,341.2,0
7,0,44,0,1180,26,15,14,3,1,2,30,108.24,0
9,0,45,0,1015,26,28,11,3,1,2,30,153.64,0
7,0,44,0,305,12,15,3,3,1,2,30,72.68,1
16,1,42,0,3295,53,24,19,3,1,2,30,229.92,1
7,0,43,0,438,14,15,5,3,1,2,30,78.08,1
9,0,43,2,4023,94,17,31,3,1,1,30,232.68,0
13,0,43,2,3085,65,190,26,3,1,1,30,886.0,0
18,0,34,0,1005,37,25,10,3,1,2,30,141.68,0
17,0,32,2,1530,44,34,16,2,1,1,25,223.83,0
9,0,25,2,2000,38,43,17,3,1,1,30,253.52,0
19,0,41,2,5385,88,37,19,3,1,1,30,366.92,0
11,0,42,0,1333,22,22,6,3,1,2,30,142.2,0
14,0,41,2,3408,75,17,35,2,1,1,25,233.235,0
17,0,41,2,6933,112,22,14,3,1,1,30,369.8,0
11,0,40,0,1890,31,15,13,2,1,2,25,153.945,0
13,0,41,0,1725,31,28,10,3,1,2,30,182.24,0
11,0,40,0,1015,17,15,2,3,1,2,30,101.28,1
12,0,37,2,3855,39,15,16,3,1,1,30,215.76,0
20,1,38,0,4005,58,24,18,3,1,2,30,258.52,1
11,0,39,0,1148,19,15,4,3,1,2,30,106.68,1
13,0,39,2,4733,99,17,30,3,1,1,30,261.28,0
17,0,39,2,3795,70,190,25,2,1,1,25,1028.925,0
22,1,30,0,1715,42,25,9,3,1,2,30,170.28,1
21,0,28,2,2240,49,34,15,2,1,1,25,256.005,0
13,0,28,2,4240,78,23,25,3,1,1,30,264.72,0
13,0,21,2,2710,43,43,16,3,1,1,30,282.12,0
7,0,39,0,3965,66,0,19,3,1,1,30,161.24,0
0,0,40,0,0,0,0,0,3,1,2,30,0.0,0
2,0,39,0,1988,53,0,35,2,1,1,25,91.845,0
10,0,39,1,3370,77,14,30,3,1,1,30,193.88,0
12,0,38,2,8710,116,126,45,3,1,1,30,857.04,0
6,0,39,0,13368,164,0,46,3,1,1,30,541.28,0
6,0,39,1,4110,78,0,27,3,1,1,30,167.52,0
5,0,39,0,5513,90,0,14,3,1,1,30,224.12,0
8,0,39,0,1833,49,0,19,3,1,2,30,75.28,0
2,0,38,1,6095,81,168,28,3,1,1,30,919.04,0
0,0,38,0,470,9,0,13,2,1,2,25,21.555,0
1,0,39,0,305,9,0,10,3,1,2,30,12.56,0
0,0,38,0,0,0,0,0,2,1,2,25,0.0,1
7,0,38,1,6313,70,90,39,2,1,1,25,692.235,0
22,0,34,0,550,42,0,19,3,1,2,30,23.68,1
12,0,37,1,5413,93,8,26,2,1,1,25,283.77,1
0,0,35,0,2435,17,0,16,3,1,1,30,98.08,0
8,1,36,0,2585,36,0,18,3,1,2,30,104.84,1
8,0,37,0,1863,39,16,33,3,1,2,30,140.08,1
0,0,37,0,0,0,0,0,3,1,2,30,0.0,1
1,0,37,0,3313,77,0,30,3,1,1,30,135.6,0
2,0,36,0,1260,39,20,22,3,1,2,30,131.96,0
5,0,37,0,2375,48,157,25,2,1,1,25,815.535,0
3,0,28,1,910,31,175,13,2,2,1,25,829.845,0
10,0,28,0,295,20,0,9,3,1,2,30,12.6,0
9,0,26,0,820,27,1,15,2,1,1,25,42.615,0
1,0,26,0,2820,56,0,25,3,1,1,30,115.04,0
1,0,19,0,1290,21,10,16,2,1,1,25,103.995,0
13,0,40,1,4675,77,12,19,3,1,1,30,238.08,0
5,0,41,0,623,11,14,6,3,1,2,30,81.36,0
8,0,40,1,2698,64,9,35,2,1,1,25,164.79,0
16,0,40,2,4080,88,39,30,3,1,1,30,322.72,0
12,0,40,1,14078,175,7,46,3,1,1,30,598.12,0
12,0,40,2,4820,89,9,27,3,1,1,30,232.36,0
11,0,40,1,6223,101,14,14,3,1,1,30,308.96,0
14,0,40,0,2543,60,15,19,3,1,2,30,164.12,0
8,0,39,2,6805,92,193,28,3,1,1,30,1047.88,0
5,0,39,0,1180,20,7,13,2,1,2,25,85.5,0
7,0,40,0,1015,20,20,10,3,1,2,30,121.4,0
5,0,39,0,305,6,7,2,2,1,2,25,45.495,1
13,0,39,2,7023,81,115,39,2,1,1,25,837.18,0
28,1,35,0,1260,53,23,19,3,1,2,30,144.52,1
18,0,38,2,6123,104,33,26,2,1,1,25,428.715,0
6,0,36,1,3145,28,7,16,3,1,1,30,154.92,0
14,1,37,0,3295,47,16,18,3,1,2,30,197.68,1
5,0,38,0,438,8,7,4,3,1,2,30,45.84,1
7,0,38,1,4023,88,9,30,3,1,1,30,200.44,0
8,0,37,0,1970,50,45,22,3,1,2,30,260.8,0
11,0,38,1,3085,59,182,25,2,1,1,25,960.48,0
9,0,29,2,1620,42,200,13,3,2,1,30,866.48,0
16,0,29,0,1005,31,17,9,3,1,2,30,109.44,0
15,0,27,1,1530,38,26,15,2,1,1,25,187.56,0
7,0,27,1,3530,67,15,25,3,1,1,30,203.88,0
7,0,20,1,2000,32,35,16,3,1,1,30,221.28,0
21,0,19,2,6697,147,92,44,2,2,1,25,721.98,0
13,0,40,1,4675,77,12,19,3,1,1,30,238.08,0
5,0,41,0,623,11,14,6,3,1,2,30,81.36,0
8,0,40,1,2698,64,9,35,2,1,1,25,164.79,0
16,0,40,2,4080,88,39,30,3,1,1,30,322.72,0
12,0,40,1,14078,175,7,46,3,1,1,30,598.12,0
12,0,40,2,4820,89,9,27,3,1,1,30,232.36,0
11,0,40,1,6223,101,14,14,3,1,1,30,308.96,0
14,0,40,0,2543,60,15,19,3,1,2,30,164.12,0
8,0,39,2,6805,92,193,28,3,1,1,30,1047.88,0
5,0,39,0,1180,20,7,13,2,1,2,25,85.5,0
7,0,40,0,1015,20,20,10,3,1,2,30,121.4,0
5,0,39,0,305,6,7,2,2,1,2,25,45.495,1
13,0,39,2,7023,81,115,39,2,1,1,25,837.18,0
28,1,35,0,1260,53,23,19,3,1,2,30,144.52,1
18,0,38,2,6123,104,33,26,2,1,1,25,428.715,0
6,0,36,1,3145,28,7,16,3,1,1,30,154.92,0
14,1,37,0,3295,47,16,18,3,1,2,30,197.68,1
5,0,38,0,438,8,7,4,3,1,2,30,45.84,1
7,0,38,1,4023,88,9,30,3,1,1,30,200.44,0
8,0,37,0,1970,50,45,22,3,1,2,30,260.8,0
11,0,38,1,3085,59,182,25,2,1,1,25,960.48,0
9,0,29,2,1620,42,200,13,3,2,1,30,866.48,0
16,0,29,0,1005,31,17,9,3,1,2,30,109.44,0
15,0,27,1,1530,38,26,15,2,1,1,25,187.56,0
7,0,27,1,3530,67,15,25,3,1,1,30,203.88,0
7,0,20,1,2000,32,35,16,3,1,1,30,221.28,0
21,0,19,2,6697,147,92,44,2,2,1,25,721.98,0
